CREATE DATABASE  IF NOT EXISTS `test` /*!40100 DEFAULT CHARACTER SET latin1 */;
USE `test`;
-- MySQL dump 10.13  Distrib 5.6.17, for Win32 (x86)
--
-- Host: 127.0.0.1    Database: test
-- ------------------------------------------------------
-- Server version	5.6.24

/*!40101 SET @OLD_CHARACTER_SET_CLIENT=@@CHARACTER_SET_CLIENT */;
/*!40101 SET @OLD_CHARACTER_SET_RESULTS=@@CHARACTER_SET_RESULTS */;
/*!40101 SET @OLD_COLLATION_CONNECTION=@@COLLATION_CONNECTION */;
/*!40101 SET NAMES utf8 */;
/*!40103 SET @OLD_TIME_ZONE=@@TIME_ZONE */;
/*!40103 SET TIME_ZONE='+00:00' */;
/*!40014 SET @OLD_UNIQUE_CHECKS=@@UNIQUE_CHECKS, UNIQUE_CHECKS=0 */;
/*!40014 SET @OLD_FOREIGN_KEY_CHECKS=@@FOREIGN_KEY_CHECKS, FOREIGN_KEY_CHECKS=0 */;
/*!40101 SET @OLD_SQL_MODE=@@SQL_MODE, SQL_MODE='NO_AUTO_VALUE_ON_ZERO' */;
/*!40111 SET @OLD_SQL_NOTES=@@SQL_NOTES, SQL_NOTES=0 */;

--
-- Table structure for table `assignments_project_field`
--

DROP TABLE IF EXISTS `assignments_project_field`;
/*!40101 SET @saved_cs_client     = @@character_set_client */;
/*!40101 SET character_set_client = utf8 */;
CREATE TABLE `assignments_project_field` (
  `project_id` bigint(20) NOT NULL,
  `field_id` bigint(20) NOT NULL,
  `label` varchar(32) NOT NULL,
  `value` varchar(255) NOT NULL,
  PRIMARY KEY (`project_id`,`field_id`,`label`,`value`),
  KEY `FK_field_id` (`field_id`),
  CONSTRAINT `FK_fields` FOREIGN KEY (`field_id`) REFERENCES `fields` (`field_id`),
  CONSTRAINT `FK_project_field` FOREIGN KEY (`project_id`) REFERENCES `projects` (`project_id`)
) ENGINE=InnoDB DEFAULT CHARSET=latin1;
/*!40101 SET character_set_client = @saved_cs_client */;

--
-- Dumping data for table `assignments_project_field`
--

LOCK TABLES `assignments_project_field` WRITE;
/*!40000 ALTER TABLE `assignments_project_field` DISABLE KEYS */;
/*!40000 ALTER TABLE `assignments_project_field` ENABLE KEYS */;
UNLOCK TABLES;

--
-- Table structure for table `assignments_project_manager`
--

DROP TABLE IF EXISTS `assignments_project_manager`;
/*!40101 SET @saved_cs_client     = @@character_set_client */;
/*!40101 SET character_set_client = utf8 */;
CREATE TABLE `assignments_project_manager` (
  `project_id` bigint(20) NOT NULL,
  `staff_id` bigint(20) NOT NULL,
  `project_position` varchar(32) NOT NULL,
  PRIMARY KEY (`project_id`,`staff_id`),
  KEY `FK_staff_id` (`staff_id`),
  CONSTRAINT `FK_staff_id` FOREIGN KEY (`staff_id`) REFERENCES `staff` (`staff_id`),
  CONSTRAINT `assignments_project_manager_ibfk_1` FOREIGN KEY (`project_id`) REFERENCES `projects` (`project_id`)
) ENGINE=InnoDB DEFAULT CHARSET=latin1;
/*!40101 SET character_set_client = @saved_cs_client */;

--
-- Dumping data for table `assignments_project_manager`
--

LOCK TABLES `assignments_project_manager` WRITE;
/*!40000 ALTER TABLE `assignments_project_manager` DISABLE KEYS */;
/*!40000 ALTER TABLE `assignments_project_manager` ENABLE KEYS */;
UNLOCK TABLES;

--
-- Table structure for table `assignments_project_staff`
--

DROP TABLE IF EXISTS `assignments_project_staff`;
/*!40101 SET @saved_cs_client     = @@character_set_client */;
/*!40101 SET character_set_client = utf8 */;
CREATE TABLE `assignments_project_staff` (
  `project_id` bigint(20) NOT NULL,
  `staff_id` bigint(20) NOT NULL,
  PRIMARY KEY (`project_id`,`staff_id`),
  KEY `FK_assignments_project_staff_stf` (`staff_id`),
  CONSTRAINT `FK_assignments_project_staff` FOREIGN KEY (`project_id`) REFERENCES `projects` (`project_id`),
  CONSTRAINT `FK_assignments_project_staff_stf` FOREIGN KEY (`staff_id`) REFERENCES `staff` (`staff_id`)
) ENGINE=InnoDB DEFAULT CHARSET=latin1;
/*!40101 SET character_set_client = @saved_cs_client */;

--
-- Dumping data for table `assignments_project_staff`
--

LOCK TABLES `assignments_project_staff` WRITE;
/*!40000 ALTER TABLE `assignments_project_staff` DISABLE KEYS */;
INSERT INTO `assignments_project_staff` VALUES (138,79),(138,80),(138,81),(138,82),(138,89),(138,90);
/*!40000 ALTER TABLE `assignments_project_staff` ENABLE KEYS */;
UNLOCK TABLES;

--
-- Table structure for table `assignments_project_team`
--

DROP TABLE IF EXISTS `assignments_project_team`;
/*!40101 SET @saved_cs_client     = @@character_set_client */;
/*!40101 SET character_set_client = utf8 */;
CREATE TABLE `assignments_project_team` (
  `project_id` bigint(20) NOT NULL,
  `team_id` bigint(20) NOT NULL,
  PRIMARY KEY (`project_id`,`team_id`),
  KEY `FK_team_id` (`team_id`),
  CONSTRAINT `FK_team_id` FOREIGN KEY (`team_id`) REFERENCES `teams` (`team_id`),
  CONSTRAINT `assignments_project_team_ibfk_1` FOREIGN KEY (`project_id`) REFERENCES `projects` (`project_id`)
) ENGINE=InnoDB DEFAULT CHARSET=latin1;
/*!40101 SET character_set_client = @saved_cs_client */;

--
-- Dumping data for table `assignments_project_team`
--

LOCK TABLES `assignments_project_team` WRITE;
/*!40000 ALTER TABLE `assignments_project_team` DISABLE KEYS */;
/*!40000 ALTER TABLE `assignments_project_team` ENABLE KEYS */;
UNLOCK TABLES;

--
-- Table structure for table `assignments_staff_field`
--

DROP TABLE IF EXISTS `assignments_staff_field`;
/*!40101 SET @saved_cs_client     = @@character_set_client */;
/*!40101 SET character_set_client = utf8 */;
CREATE TABLE `assignments_staff_field` (
  `staff_id` bigint(20) NOT NULL,
  `field_id` bigint(20) NOT NULL,
  `label` varchar(32) NOT NULL,
  `value` varchar(255) NOT NULL,
  PRIMARY KEY (`staff_id`,`field_id`,`label`,`value`),
  KEY `field_id` (`field_id`)
) ENGINE=InnoDB DEFAULT CHARSET=latin1;
/*!40101 SET character_set_client = @saved_cs_client */;

--
-- Dumping data for table `assignments_staff_field`
--

LOCK TABLES `assignments_staff_field` WRITE;
/*!40000 ALTER TABLE `assignments_staff_field` DISABLE KEYS */;
/*!40000 ALTER TABLE `assignments_staff_field` ENABLE KEYS */;
UNLOCK TABLES;

--
-- Table structure for table `assignments_staff_team`
--

DROP TABLE IF EXISTS `assignments_staff_team`;
/*!40101 SET @saved_cs_client     = @@character_set_client */;
/*!40101 SET character_set_client = utf8 */;
CREATE TABLE `assignments_staff_team` (
  `staff_id` bigint(20) NOT NULL,
  `team_id` bigint(20) NOT NULL,
  PRIMARY KEY (`staff_id`,`team_id`),
  KEY `FK_team` (`team_id`),
  CONSTRAINT `FK_staff` FOREIGN KEY (`staff_id`) REFERENCES `staff` (`staff_id`),
  CONSTRAINT `FK_team` FOREIGN KEY (`team_id`) REFERENCES `teams` (`team_id`)
) ENGINE=InnoDB DEFAULT CHARSET=latin1;
/*!40101 SET character_set_client = @saved_cs_client */;

--
-- Dumping data for table `assignments_staff_team`
--

LOCK TABLES `assignments_staff_team` WRITE;
/*!40000 ALTER TABLE `assignments_staff_team` DISABLE KEYS */;
INSERT INTO `assignments_staff_team` VALUES (62,29),(63,29),(64,30),(65,30),(67,32);
/*!40000 ALTER TABLE `assignments_staff_team` ENABLE KEYS */;
UNLOCK TABLES;

--
-- Table structure for table `assignments_task_field`
--

DROP TABLE IF EXISTS `assignments_task_field`;
/*!40101 SET @saved_cs_client     = @@character_set_client */;
/*!40101 SET character_set_client = utf8 */;
CREATE TABLE `assignments_task_field` (
  `task_id` bigint(20) NOT NULL,
  `field_id` bigint(20) NOT NULL,
  `label` varchar(32) NOT NULL,
  `value` varchar(255) NOT NULL,
  PRIMARY KEY (`task_id`,`field_id`,`label`,`value`),
  KEY `field_id` (`field_id`),
  CONSTRAINT `FK_assignments_task_field` FOREIGN KEY (`field_id`) REFERENCES `fields` (`field_id`),
  CONSTRAINT `FK_tasks` FOREIGN KEY (`task_id`) REFERENCES `tasks` (`task_id`)
) ENGINE=InnoDB DEFAULT CHARSET=latin1;
/*!40101 SET character_set_client = @saved_cs_client */;

--
-- Dumping data for table `assignments_task_field`
--

LOCK TABLES `assignments_task_field` WRITE;
/*!40000 ALTER TABLE `assignments_task_field` DISABLE KEYS */;
/*!40000 ALTER TABLE `assignments_task_field` ENABLE KEYS */;
UNLOCK TABLES;

--
-- Table structure for table `assignments_task_staff`
--

DROP TABLE IF EXISTS `assignments_task_staff`;
/*!40101 SET @saved_cs_client     = @@character_set_client */;
/*!40101 SET character_set_client = utf8 */;
CREATE TABLE `assignments_task_staff` (
  `task_id` bigint(20) NOT NULL,
  `staff_id` bigint(20) NOT NULL,
  PRIMARY KEY (`task_id`,`staff_id`),
  KEY `FK_assignments_task_staff` (`staff_id`),
  CONSTRAINT `FK_assignments_task_staff` FOREIGN KEY (`staff_id`) REFERENCES `staff` (`staff_id`),
  CONSTRAINT `FK_tasks_task` FOREIGN KEY (`task_id`) REFERENCES `tasks` (`task_id`)
) ENGINE=InnoDB DEFAULT CHARSET=latin1;
/*!40101 SET character_set_client = @saved_cs_client */;

--
-- Dumping data for table `assignments_task_staff`
--

LOCK TABLES `assignments_task_staff` WRITE;
/*!40000 ALTER TABLE `assignments_task_staff` DISABLE KEYS */;
/*!40000 ALTER TABLE `assignments_task_staff` ENABLE KEYS */;
UNLOCK TABLES;

--
-- Table structure for table `assignments_task_team`
--

DROP TABLE IF EXISTS `assignments_task_team`;
/*!40101 SET @saved_cs_client     = @@character_set_client */;
/*!40101 SET character_set_client = utf8 */;
CREATE TABLE `assignments_task_team` (
  `task_id` bigint(20) NOT NULL,
  `team_id` bigint(20) NOT NULL,
  PRIMARY KEY (`task_id`,`team_id`),
  KEY `FK_task_team` (`team_id`),
  CONSTRAINT `FK_task` FOREIGN KEY (`task_id`) REFERENCES `tasks` (`task_id`),
  CONSTRAINT `FK_task_team` FOREIGN KEY (`team_id`) REFERENCES `teams` (`team_id`)
) ENGINE=InnoDB DEFAULT CHARSET=latin1;
/*!40101 SET character_set_client = @saved_cs_client */;

--
-- Dumping data for table `assignments_task_team`
--

LOCK TABLES `assignments_task_team` WRITE;
/*!40000 ALTER TABLE `assignments_task_team` DISABLE KEYS */;
/*!40000 ALTER TABLE `assignments_task_team` ENABLE KEYS */;
UNLOCK TABLES;

--
-- Table structure for table `assignments_user_access`
--

DROP TABLE IF EXISTS `assignments_user_access`;
/*!40101 SET @saved_cs_client     = @@character_set_client */;
/*!40101 SET character_set_client = utf8 */;
CREATE TABLE `assignments_user_access` (
  `securityaccess_id` bigint(20) NOT NULL,
  `user_id` bigint(20) NOT NULL,
  PRIMARY KEY (`securityaccess_id`,`user_id`),
  KEY `FK_assignments_access_user` (`user_id`),
  CONSTRAINT `FK_assignments_access` FOREIGN KEY (`securityaccess_id`) REFERENCES `security_access` (`securityaccess_id`),
  CONSTRAINT `FK_assignments_access_user` FOREIGN KEY (`user_id`) REFERENCES `system_users` (`user_id`)
) ENGINE=InnoDB DEFAULT CHARSET=latin1;
/*!40101 SET character_set_client = @saved_cs_client */;

--
-- Dumping data for table `assignments_user_access`
--

LOCK TABLES `assignments_user_access` WRITE;
/*!40000 ALTER TABLE `assignments_user_access` DISABLE KEYS */;
INSERT INTO `assignments_user_access` VALUES (12,32),(13,32),(14,32),(15,32),(16,32),(17,32),(18,32),(19,32),(20,32),(21,32),(22,32),(14,34),(15,34),(16,34),(17,34),(18,34),(19,34),(20,34),(12,35),(13,35),(14,35),(15,35),(16,35),(17,35),(18,35),(19,35),(20,35),(21,35),(22,35),(12,36),(13,36),(14,36),(15,36),(16,36),(17,36),(18,36),(19,36),(20,36),(21,36),(22,36),(12,37),(13,37),(14,37),(15,37),(16,37),(17,37),(18,37),(19,37),(20,37),(21,37),(22,37),(12,38),(13,38),(14,38),(15,38),(16,38),(17,38),(18,38),(19,38),(20,38),(21,38),(22,38),(12,39),(13,39),(14,39),(15,39),(16,39),(17,39),(18,39),(19,39),(20,39),(21,39),(22,39),(12,40),(13,40),(14,40),(15,40),(16,40),(17,40),(18,40),(19,40),(20,40),(21,40),(22,40),(12,41),(13,41),(14,41),(15,41),(16,41),(17,41),(18,41),(19,41),(20,41),(21,41),(22,41),(12,42),(13,42),(14,42),(15,42),(16,42),(17,42),(18,42),(19,42),(20,42),(21,42),(22,42),(12,43),(13,43),(14,43),(15,43),(16,43),(17,43),(18,43),(19,43),(20,43),(21,43),(22,43),(12,44),(13,44),(14,44),(15,44),(16,44),(17,44),(18,44),(19,44),(20,44),(21,44),(22,44),(12,45),(13,45),(14,45),(15,45),(16,45),(17,45),(18,45),(19,45),(20,45),(21,45),(22,45),(12,46),(13,46),(14,46),(15,46),(16,46),(17,46),(18,46),(19,46),(20,46),(21,46),(22,46),(12,47),(13,47),(14,47),(15,47),(16,47),(17,47),(18,47),(19,47),(20,47),(21,47),(22,47),(12,48),(13,48),(14,48),(15,48),(16,48),(17,48),(18,48),(19,48),(20,48),(21,48),(22,48),(12,49),(13,49),(14,49),(15,49),(16,49),(17,49),(18,49),(19,49),(20,49),(21,49),(22,49),(12,50),(13,50),(14,50),(15,50),(16,50),(17,50),(18,50),(19,50),(20,50),(21,50),(22,50),(12,51),(13,51),(14,51),(15,51),(16,51),(17,51),(18,51),(19,51),(20,51),(21,51),(22,51),(12,52),(13,52),(14,52),(15,52),(16,52),(17,52),(18,52),(19,52),(20,52),(21,52),(22,52),(12,53),(13,53),(14,53),(15,53),(16,53),(17,53),(18,53),(19,53),(20,53),(21,53),(22,53),(12,54),(13,54),(14,54),(15,54),(16,54),(17,54),(18,54),(19,54),(20,54),(21,54),(22,54),(12,55),(13,55),(14,55),(15,55),(16,55),(17,55),(18,55),(19,55),(20,55),(21,55),(22,55),(12,56),(13,56),(14,56),(15,56),(16,56),(17,56),(18,56),(19,56),(20,56),(21,56),(22,56),(12,57),(13,57),(14,57),(15,57),(16,57),(17,57),(18,57),(19,57),(20,57),(21,57),(22,57),(12,58),(13,58),(14,58),(15,58),(16,58),(17,58),(18,58),(19,58),(20,58),(21,58),(22,58),(12,59),(13,59),(14,59),(15,59),(16,59),(17,59),(18,59),(19,59),(20,59),(21,59),(22,59),(12,60),(13,60),(14,60),(15,60),(16,60),(17,60),(18,60),(19,60),(20,60),(21,60),(22,60),(12,61),(13,61),(14,61),(15,61),(16,61),(17,61),(18,61),(19,61),(20,61),(21,61),(22,61),(12,62),(13,62),(14,62),(15,62),(16,62),(17,62),(18,62),(19,62),(20,62),(21,62),(22,62),(12,63),(13,63),(14,63),(15,63),(16,63),(17,63),(18,63),(19,63),(20,63),(21,63),(22,63),(12,64),(13,64),(14,64),(15,64),(16,64),(17,64),(18,64),(19,64),(20,64),(21,64),(22,64),(12,65),(13,65),(14,65),(15,65),(16,65),(17,65),(18,65),(19,65),(20,65),(21,65),(22,65),(12,66),(13,66),(14,66),(15,66),(16,66),(17,66),(18,66),(19,66),(20,66),(21,66),(22,66),(12,67),(13,67),(14,67),(15,67),(16,67),(17,67),(18,67),(19,67),(20,67),(21,67),(22,67),(12,68),(13,68),(14,68),(15,68),(16,68),(17,68),(18,68),(19,68),(20,68),(21,68),(22,68),(12,69),(13,69),(14,69),(15,69),(16,69),(17,69),(18,69),(19,69),(20,69),(21,69),(22,69),(12,70),(13,70),(14,70),(15,70),(16,70),(17,70),(18,70),(19,70),(20,70),(21,70),(22,70),(12,71),(13,71),(14,71),(15,71),(16,71),(17,71),(18,71),(19,71),(20,71),(21,71),(22,71),(12,72),(13,72),(14,72),(15,72),(16,72),(17,72),(18,72),(19,72),(20,72),(21,72),(22,72),(12,73),(13,73),(14,73),(15,73),(16,73),(17,73),(18,73),(19,73),(20,73),(21,73),(22,73),(12,74),(13,74),(14,74),(15,74),(16,74),(17,74),(18,74),(19,74),(20,74),(21,74),(22,74),(12,75),(13,75),(14,75),(15,75),(16,75),(17,75),(18,75),(19,75),(20,75),(21,75),(22,75),(12,76),(13,76),(14,76),(15,76),(16,76),(17,76),(18,76),(19,76),(20,76),(21,76),(22,76),(12,77),(13,77),(14,77),(15,77),(16,77),(17,77),(18,77),(19,77),(20,77),(21,77),(22,77),(12,78),(13,78),(14,78),(15,78),(16,78),(17,78),(18,78),(19,78),(20,78),(21,78),(22,78),(12,79),(13,79),(14,79),(15,79),(16,79),(17,79),(18,79),(19,79),(20,79),(21,79),(22,79),(12,80),(13,80),(14,80),(15,80),(16,80),(17,80),(18,80),(19,80),(20,80),(21,80),(22,80),(12,81),(13,81),(14,81),(15,81),(16,81),(17,81),(18,81),(19,81),(20,81),(21,81),(22,81),(12,82),(13,82),(14,82),(15,82),(16,82),(17,82),(18,82),(19,82),(20,82),(21,82),(22,82),(12,83),(13,83),(14,83),(15,83),(16,83),(17,83),(18,83),(19,83),(20,83),(21,83),(22,83),(12,84),(13,84),(14,84),(15,84),(16,84),(17,84),(18,84),(19,84),(20,84),(21,84),(22,84),(12,85),(13,85),(14,85),(15,85),(16,85),(17,85),(18,85),(19,85),(20,85),(21,85),(22,85),(12,86),(13,86),(14,86),(15,86),(16,86),(17,86),(18,86),(19,86),(20,86),(21,86),(22,86),(12,87),(13,87),(14,87),(15,87),(16,87),(17,87),(18,87),(19,87),(20,87),(21,87),(22,87),(12,88),(13,88),(14,88),(15,88),(16,88),(17,88),(18,88),(19,88),(20,88),(21,88),(22,88),(12,89),(13,89),(14,89),(15,89),(16,89),(17,89),(18,89),(19,89),(20,89),(21,89),(22,89),(12,90),(13,90),(14,90),(15,90),(16,90),(17,90),(18,90),(19,90),(20,90),(21,90),(22,90),(12,91),(13,91),(14,91),(15,91),(16,91),(17,91),(18,91),(19,91),(20,91),(21,91),(22,91),(12,92),(13,92),(14,92),(15,92),(16,92),(17,92),(18,92),(19,92),(20,92),(21,92),(22,92),(12,93),(13,93),(14,93),(15,93),(16,93),(17,93),(18,93),(19,93),(20,93),(21,93),(22,93),(12,94),(13,94),(14,94),(15,94),(16,94),(17,94),(18,94),(19,94),(20,94),(21,94),(22,94),(12,95),(13,95),(14,95),(15,95),(16,95),(17,95),(18,95),(19,95),(20,95),(21,95),(22,95),(12,96),(13,96),(14,96),(15,96),(16,96),(17,96),(18,96),(19,96),(20,96),(21,96),(22,96),(12,97),(13,97),(14,97),(15,97),(16,97),(17,97),(18,97),(19,97),(20,97),(21,97),(22,97),(12,98),(13,98),(14,98),(15,98),(16,98),(17,98),(18,98),(19,98),(20,98),(21,98),(22,98),(12,99),(13,99),(14,99),(15,99),(16,99),(17,99),(18,99),(19,99),(20,99),(21,99),(22,99),(12,100),(13,100),(14,100),(15,100),(16,100),(17,100),(18,100),(19,100),(20,100),(21,100),(22,100),(12,101),(13,101),(14,101),(15,101),(16,101),(17,101),(18,101),(19,101),(20,101),(21,101),(22,101),(12,102),(13,102),(14,102),(15,102),(16,102),(17,102),(18,102),(19,102),(20,102),(21,102),(22,102),(12,103),(13,103),(14,103),(15,103),(16,103),(17,103),(18,103),(19,103),(20,103),(21,103),(22,103),(12,104),(13,104),(14,104),(15,104),(16,104),(17,104),(18,104),(19,104),(20,104),(21,104),(22,104),(12,105),(13,105),(14,105),(15,105),(16,105),(17,105),(18,105),(19,105),(20,105),(21,105),(22,105),(12,106),(13,106),(14,106),(15,106),(16,106),(17,106),(18,106),(19,106),(20,106),(21,106),(22,106),(12,107),(13,107),(14,107),(15,107),(16,107),(17,107),(18,107),(19,107),(20,107),(21,107),(22,107),(12,108),(13,108),(14,108),(15,108),(16,108),(17,108),(18,108),(19,108),(20,108),(21,108),(22,108),(12,109),(13,109),(14,109),(15,109),(16,109),(17,109),(18,109),(19,109),(20,109),(21,109),(22,109),(12,110),(13,110),(14,110),(15,110),(16,110),(17,110),(18,110),(19,110),(20,110),(21,110),(22,110),(12,111),(13,111),(14,111),(15,111),(16,111),(17,111),(18,111),(19,111),(20,111),(21,111),(22,111),(12,112),(13,112),(14,112),(15,112),(16,112),(17,112),(18,112),(19,112),(20,112),(21,112),(22,112),(12,113),(13,113),(14,113),(15,113),(16,113),(17,113),(18,113),(19,113),(20,113),(21,113),(22,113),(12,114),(13,114),(14,114),(15,114),(16,114),(17,114),(18,114),(19,114),(20,114),(21,114),(22,114),(12,115),(13,115),(14,115),(15,115),(16,115),(17,115),(18,115),(19,115),(20,115),(21,115),(22,115),(12,116),(13,116),(14,116),(15,116),(16,116),(17,116),(18,116),(19,116),(20,116),(21,116),(22,116),(12,117),(13,117),(14,117),(15,117),(16,117),(17,117),(18,117),(19,117),(20,117),(21,117),(22,117),(12,118),(13,118),(14,118),(15,118),(16,118),(17,118),(18,118),(19,118),(20,118),(21,118),(22,118),(12,119),(13,119),(14,119),(15,119),(16,119),(17,119),(18,119),(19,119),(20,119),(21,119),(22,119),(12,120),(13,120),(14,120),(15,120),(16,120),(17,120),(18,120),(19,120),(20,120),(21,120),(22,120),(12,121),(13,121),(14,121),(15,121),(16,121),(17,121),(18,121),(19,121),(20,121),(21,121),(22,121),(12,122),(13,122),(14,122),(15,122),(16,122),(17,122),(18,122),(19,122),(20,122),(21,122),(22,122),(12,123),(13,123),(14,123),(15,123),(16,123),(17,123),(18,123),(19,123),(20,123),(21,123),(22,123),(12,124),(13,124),(14,124),(15,124),(16,124),(17,124),(18,124),(19,124),(20,124),(21,124),(22,124),(12,125),(13,125),(14,125),(15,125),(16,125),(17,125),(18,125),(19,125),(20,125),(21,125),(22,125),(12,126),(13,126),(14,126),(15,126),(16,126),(17,126),(18,126),(19,126),(20,126),(21,126),(22,126),(12,127),(13,127),(14,127),(15,127),(16,127),(17,127),(18,127),(19,127),(20,127),(21,127),(22,127),(12,128),(13,128),(14,128),(15,128),(16,128),(17,128),(18,128),(19,128),(20,128),(21,128),(22,128),(12,129),(13,129),(14,129),(15,129),(16,129),(17,129),(18,129),(19,129),(20,129),(21,129),(22,129),(12,130),(13,130),(14,130),(15,130),(16,130),(17,130),(18,130),(19,130),(20,130),(21,130),(22,130),(12,131),(13,131),(14,131),(15,131),(16,131),(17,131),(18,131),(19,131),(20,131),(21,131),(22,131),(12,132),(13,132),(14,132),(15,132),(16,132),(17,132),(18,132),(19,132),(20,132),(21,132),(22,132),(12,133),(13,133),(14,133),(15,133),(16,133),(17,133),(18,133),(19,133),(20,133),(21,133),(22,133),(12,134),(13,134),(14,134),(15,134),(16,134),(17,134),(18,134),(19,134),(20,134),(21,134),(22,134),(12,135),(13,135),(14,135),(15,135),(16,135),(17,135),(18,135),(19,135),(20,135),(21,135),(22,135),(12,136),(13,136),(14,136),(15,136),(16,136),(17,136),(18,136),(19,136),(20,136),(21,136),(22,136),(12,137),(13,137),(14,137),(15,137),(16,137),(17,137),(18,137),(19,137),(20,137),(21,137),(22,137),(12,138),(13,138),(14,138),(15,138),(16,138),(17,138),(18,138),(19,138),(20,138),(21,138),(22,138),(12,139),(13,139),(14,139),(15,139),(16,139),(17,139),(18,139),(19,139),(20,139),(21,139),(22,139),(12,140),(13,140),(14,140),(15,140),(16,140),(17,140),(18,140),(19,140),(20,140),(21,140),(22,140),(12,141),(13,141),(14,141),(15,141),(16,141),(17,141),(18,141),(19,141),(20,141),(21,141),(22,141),(12,142),(13,142),(14,142),(15,142),(16,142),(17,142),(18,142),(19,142),(20,142),(21,142),(22,142),(12,143),(13,143),(14,143),(15,143),(16,143),(17,143),(18,143),(19,143),(20,143),(21,143),(22,143),(12,144),(13,144),(14,144),(15,144),(16,144),(17,144),(18,144),(19,144),(20,144),(21,144),(22,144),(12,145),(13,145),(14,145),(15,145),(16,145),(17,145),(18,145),(19,145),(20,145),(21,145),(22,145),(12,146),(13,146),(14,146),(15,146),(16,146),(17,146),(18,146),(19,146),(20,146),(21,146),(22,146),(12,147),(13,147),(14,147),(15,147),(16,147),(17,147),(18,147),(19,147),(20,147),(21,147),(22,147),(12,148),(13,148),(14,148),(15,148),(16,148),(17,148),(18,148),(19,148),(20,148),(21,148),(22,148),(12,149),(13,149),(14,149),(15,149),(16,149),(17,149),(18,149),(19,149),(20,149),(21,149),(22,149),(12,150),(13,150),(14,150),(15,150),(16,150),(17,150),(18,150),(19,150),(20,150),(21,150),(22,150),(12,151),(13,151),(14,151),(15,151),(16,151),(17,151),(18,151),(19,151),(20,151),(21,151),(22,151),(12,152),(13,152),(14,152),(15,152),(16,152),(17,152),(18,152),(19,152),(20,152),(21,152),(22,152),(12,153),(13,153),(14,153),(15,153),(16,153),(17,153),(18,153),(19,153),(20,153),(21,153),(22,153),(12,154),(13,154),(14,154),(15,154),(16,154),(17,154),(18,154),(19,154),(20,154),(21,154),(22,154),(12,155),(13,155),(14,155),(15,155),(16,155),(17,155),(18,155),(19,155),(20,155),(21,155),(22,155),(12,156),(13,156),(14,156),(15,156),(16,156),(17,156),(18,156),(19,156),(20,156),(21,156),(22,156),(12,157),(13,157),(14,157),(15,157),(16,157),(17,157),(18,157),(19,157),(20,157),(21,157),(22,157),(12,158),(13,158),(14,158),(15,158),(16,158),(17,158),(18,158),(19,158),(20,158),(21,158),(22,158),(12,159),(13,159),(14,159),(15,159),(16,159),(17,159),(18,159),(19,159),(20,159),(21,159),(22,159),(12,160),(13,160),(14,160),(15,160),(16,160),(17,160),(18,160),(19,160),(20,160),(21,160),(22,160),(12,161),(13,161),(14,161),(15,161),(16,161),(17,161),(18,161),(19,161),(20,161),(21,161),(22,161),(12,162),(13,162),(14,162),(15,162),(16,162),(17,162),(18,162),(19,162),(20,162),(21,162),(22,162),(12,163),(13,163),(14,163),(15,163),(16,163),(17,163),(18,163),(19,163),(20,163),(21,163),(22,163),(12,164),(13,164),(14,164),(15,164),(16,164),(17,164),(18,164),(19,164),(20,164),(21,164),(22,164),(12,165),(13,165),(14,165),(15,165),(16,165),(17,165),(18,165),(19,165),(20,165),(21,165),(22,165),(12,166),(13,166),(14,166),(15,166),(16,166),(17,166),(18,166),(19,166),(20,166),(21,166),(22,166),(12,167),(13,167),(14,167),(15,167),(16,167),(17,167),(18,167),(19,167),(20,167),(21,167),(22,167),(12,168),(13,168),(14,168),(15,168),(16,168),(17,168),(18,168),(19,168),(20,168),(21,168),(22,168),(12,169),(13,169),(14,169),(15,169),(16,169),(17,169),(18,169),(19,169),(20,169),(21,169),(22,169),(12,170),(13,170),(14,170),(15,170),(16,170),(17,170),(18,170),(19,170),(20,170),(21,170),(22,170),(12,171),(13,171),(14,171),(15,171),(16,171),(17,171),(18,171),(19,171),(20,171),(21,171),(22,171),(12,172),(13,172),(14,172),(15,172),(16,172),(17,172),(18,172),(19,172),(20,172),(21,172),(22,172);
/*!40000 ALTER TABLE `assignments_user_access` ENABLE KEYS */;
UNLOCK TABLES;

--
-- Table structure for table `assignments_user_role`
--

DROP TABLE IF EXISTS `assignments_user_role`;
/*!40101 SET @saved_cs_client     = @@character_set_client */;
/*!40101 SET character_set_client = utf8 */;
CREATE TABLE `assignments_user_role` (
  `securityrole_id` bigint(20) NOT NULL,
  `user_id` bigint(20) NOT NULL,
  PRIMARY KEY (`securityrole_id`,`user_id`),
  KEY `FK_assignments_user` (`user_id`),
  CONSTRAINT `FK_assignments_user` FOREIGN KEY (`user_id`) REFERENCES `system_users` (`user_id`),
  CONSTRAINT `FK_assignments_user_role` FOREIGN KEY (`securityrole_id`) REFERENCES `security_roles` (`securityrole_id`)
) ENGINE=InnoDB DEFAULT CHARSET=latin1;
/*!40101 SET character_set_client = @saved_cs_client */;

--
-- Dumping data for table `assignments_user_role`
--

LOCK TABLES `assignments_user_role` WRITE;
/*!40000 ALTER TABLE `assignments_user_role` DISABLE KEYS */;
INSERT INTO `assignments_user_role` VALUES (11,32),(12,32),(13,32),(14,32),(15,32),(16,32),(17,32),(18,32),(19,32),(20,32),(12,34),(13,34),(14,34),(15,34),(16,34),(17,34),(19,34),(11,35),(12,35),(13,35),(14,35),(15,35),(16,35),(17,35),(18,35),(19,35),(20,35),(11,36),(12,36),(13,36),(14,36),(15,36),(16,36),(17,36),(18,36),(19,36),(20,36),(11,37),(12,37),(13,37),(14,37),(15,37),(16,37),(17,37),(18,37),(19,37),(20,37),(11,38),(12,38),(13,38),(14,38),(15,38),(16,38),(17,38),(18,38),(19,38),(20,38),(11,39),(12,39),(13,39),(14,39),(15,39),(16,39),(17,39),(18,39),(19,39),(20,39),(11,40),(12,40),(13,40),(14,40),(15,40),(16,40),(17,40),(18,40),(19,40),(20,40),(11,41),(12,41),(13,41),(14,41),(15,41),(16,41),(17,41),(18,41),(19,41),(20,41),(11,42),(12,42),(13,42),(14,42),(15,42),(16,42),(17,42),(18,42),(19,42),(20,42),(11,43),(12,43),(13,43),(14,43),(15,43),(16,43),(17,43),(18,43),(19,43),(20,43),(11,44),(12,44),(13,44),(14,44),(15,44),(16,44),(17,44),(18,44),(19,44),(20,44),(11,45),(12,45),(13,45),(14,45),(15,45),(16,45),(17,45),(18,45),(19,45),(20,45),(11,46),(12,46),(13,46),(14,46),(15,46),(16,46),(17,46),(18,46),(19,46),(20,46),(11,47),(12,47),(13,47),(14,47),(15,47),(16,47),(17,47),(18,47),(19,47),(20,47),(11,48),(12,48),(13,48),(14,48),(15,48),(16,48),(17,48),(18,48),(19,48),(20,48),(11,49),(12,49),(13,49),(14,49),(15,49),(16,49),(17,49),(18,49),(19,49),(20,49),(11,50),(12,50),(13,50),(14,50),(15,50),(16,50),(17,50),(18,50),(19,50),(20,50),(11,51),(12,51),(13,51),(14,51),(15,51),(16,51),(17,51),(18,51),(19,51),(20,51),(11,52),(12,52),(13,52),(14,52),(15,52),(16,52),(17,52),(18,52),(19,52),(20,52),(11,53),(12,53),(13,53),(14,53),(15,53),(16,53),(17,53),(18,53),(19,53),(20,53),(11,54),(12,54),(13,54),(14,54),(15,54),(16,54),(17,54),(18,54),(19,54),(20,54),(11,55),(12,55),(13,55),(14,55),(15,55),(16,55),(17,55),(18,55),(19,55),(20,55),(11,56),(12,56),(13,56),(14,56),(15,56),(16,56),(17,56),(18,56),(19,56),(20,56),(11,57),(12,57),(13,57),(14,57),(15,57),(16,57),(17,57),(18,57),(19,57),(20,57),(11,58),(12,58),(13,58),(14,58),(15,58),(16,58),(17,58),(18,58),(19,58),(20,58),(11,59),(12,59),(13,59),(14,59),(15,59),(16,59),(17,59),(18,59),(19,59),(20,59),(11,60),(12,60),(13,60),(14,60),(15,60),(16,60),(17,60),(18,60),(19,60),(20,60),(11,61),(12,61),(13,61),(14,61),(15,61),(16,61),(17,61),(18,61),(19,61),(20,61),(11,62),(12,62),(13,62),(14,62),(15,62),(16,62),(17,62),(18,62),(19,62),(20,62),(11,63),(12,63),(13,63),(14,63),(15,63),(16,63),(17,63),(18,63),(19,63),(20,63),(11,64),(12,64),(13,64),(14,64),(15,64),(16,64),(17,64),(18,64),(19,64),(20,64),(11,65),(12,65),(13,65),(14,65),(15,65),(16,65),(17,65),(18,65),(19,65),(20,65),(11,66),(12,66),(13,66),(14,66),(15,66),(16,66),(17,66),(18,66),(19,66),(20,66),(11,67),(12,67),(13,67),(14,67),(15,67),(16,67),(17,67),(18,67),(19,67),(20,67),(11,68),(12,68),(13,68),(14,68),(15,68),(16,68),(17,68),(18,68),(19,68),(20,68),(11,69),(12,69),(13,69),(14,69),(15,69),(16,69),(17,69),(18,69),(19,69),(20,69),(11,70),(12,70),(13,70),(14,70),(15,70),(16,70),(17,70),(18,70),(19,70),(20,70),(11,71),(12,71),(13,71),(14,71),(15,71),(16,71),(17,71),(18,71),(19,71),(20,71),(11,72),(12,72),(13,72),(14,72),(15,72),(16,72),(17,72),(18,72),(19,72),(20,72),(11,73),(12,73),(13,73),(14,73),(15,73),(16,73),(17,73),(18,73),(19,73),(20,73),(11,74),(12,74),(13,74),(14,74),(15,74),(16,74),(17,74),(18,74),(19,74),(20,74),(11,75),(12,75),(13,75),(14,75),(15,75),(16,75),(17,75),(18,75),(19,75),(20,75),(11,76),(12,76),(13,76),(14,76),(15,76),(16,76),(17,76),(18,76),(19,76),(20,76),(11,77),(12,77),(13,77),(14,77),(15,77),(16,77),(17,77),(18,77),(19,77),(20,77),(11,78),(12,78),(13,78),(14,78),(15,78),(16,78),(17,78),(18,78),(19,78),(20,78),(11,79),(12,79),(13,79),(14,79),(15,79),(16,79),(17,79),(18,79),(19,79),(20,79),(11,80),(12,80),(13,80),(14,80),(15,80),(16,80),(17,80),(18,80),(19,80),(20,80),(11,81),(12,81),(13,81),(14,81),(15,81),(16,81),(17,81),(18,81),(19,81),(20,81),(11,82),(12,82),(13,82),(14,82),(15,82),(16,82),(17,82),(18,82),(19,82),(20,82),(11,83),(12,83),(13,83),(14,83),(15,83),(16,83),(17,83),(18,83),(19,83),(20,83),(11,84),(12,84),(13,84),(14,84),(15,84),(16,84),(17,84),(18,84),(19,84),(20,84),(11,85),(12,85),(13,85),(14,85),(15,85),(16,85),(17,85),(18,85),(19,85),(20,85),(11,86),(12,86),(13,86),(14,86),(15,86),(16,86),(17,86),(18,86),(19,86),(20,86),(11,87),(12,87),(13,87),(14,87),(15,87),(16,87),(17,87),(18,87),(19,87),(20,87),(11,88),(12,88),(13,88),(14,88),(15,88),(16,88),(17,88),(18,88),(19,88),(20,88),(11,89),(12,89),(13,89),(14,89),(15,89),(16,89),(17,89),(18,89),(19,89),(20,89),(11,90),(12,90),(13,90),(14,90),(15,90),(16,90),(17,90),(18,90),(19,90),(20,90),(11,91),(12,91),(13,91),(14,91),(15,91),(16,91),(17,91),(18,91),(19,91),(20,91),(11,92),(12,92),(13,92),(14,92),(15,92),(16,92),(17,92),(18,92),(19,92),(20,92),(11,93),(12,93),(13,93),(14,93),(15,93),(16,93),(17,93),(18,93),(19,93),(20,93),(11,94),(12,94),(13,94),(14,94),(15,94),(16,94),(17,94),(18,94),(19,94),(20,94),(11,95),(12,95),(13,95),(14,95),(15,95),(16,95),(17,95),(18,95),(19,95),(20,95),(11,96),(12,96),(13,96),(14,96),(15,96),(16,96),(17,96),(18,96),(19,96),(20,96),(11,97),(12,97),(13,97),(14,97),(15,97),(16,97),(17,97),(18,97),(19,97),(20,97),(11,98),(12,98),(13,98),(14,98),(15,98),(16,98),(17,98),(18,98),(19,98),(20,98),(11,99),(12,99),(13,99),(14,99),(15,99),(16,99),(17,99),(18,99),(19,99),(20,99),(11,100),(12,100),(13,100),(14,100),(15,100),(16,100),(17,100),(18,100),(19,100),(20,100),(11,101),(12,101),(13,101),(14,101),(15,101),(16,101),(17,101),(18,101),(19,101),(20,101),(11,102),(12,102),(13,102),(14,102),(15,102),(16,102),(17,102),(18,102),(19,102),(20,102),(11,103),(12,103),(13,103),(14,103),(15,103),(16,103),(17,103),(18,103),(19,103),(20,103),(11,104),(12,104),(13,104),(14,104),(15,104),(16,104),(17,104),(18,104),(19,104),(20,104),(11,105),(12,105),(13,105),(14,105),(15,105),(16,105),(17,105),(18,105),(19,105),(20,105),(11,106),(12,106),(13,106),(14,106),(15,106),(16,106),(17,106),(18,106),(19,106),(20,106),(11,107),(12,107),(13,107),(14,107),(15,107),(16,107),(17,107),(18,107),(19,107),(20,107),(11,108),(12,108),(13,108),(14,108),(15,108),(16,108),(17,108),(18,108),(19,108),(20,108),(11,109),(12,109),(13,109),(14,109),(15,109),(16,109),(17,109),(18,109),(19,109),(20,109),(11,110),(12,110),(13,110),(14,110),(15,110),(16,110),(17,110),(18,110),(19,110),(20,110),(11,111),(12,111),(13,111),(14,111),(15,111),(16,111),(17,111),(18,111),(19,111),(20,111),(11,112),(12,112),(13,112),(14,112),(15,112),(16,112),(17,112),(18,112),(19,112),(20,112),(11,113),(12,113),(13,113),(14,113),(15,113),(16,113),(17,113),(18,113),(19,113),(20,113),(11,114),(12,114),(13,114),(14,114),(15,114),(16,114),(17,114),(18,114),(19,114),(20,114),(11,115),(12,115),(13,115),(14,115),(15,115),(16,115),(17,115),(18,115),(19,115),(20,115),(11,116),(12,116),(13,116),(14,116),(15,116),(16,116),(17,116),(18,116),(19,116),(20,116),(11,117),(12,117),(13,117),(14,117),(15,117),(16,117),(17,117),(18,117),(19,117),(20,117),(11,118),(12,118),(13,118),(14,118),(15,118),(16,118),(17,118),(18,118),(19,118),(20,118),(11,119),(12,119),(13,119),(14,119),(15,119),(16,119),(17,119),(18,119),(19,119),(20,119),(11,120),(12,120),(13,120),(14,120),(15,120),(16,120),(17,120),(18,120),(19,120),(20,120),(11,121),(12,121),(13,121),(14,121),(15,121),(16,121),(17,121),(18,121),(19,121),(20,121),(11,122),(12,122),(13,122),(14,122),(15,122),(16,122),(17,122),(18,122),(19,122),(20,122),(11,123),(12,123),(13,123),(14,123),(15,123),(16,123),(17,123),(18,123),(19,123),(20,123),(11,124),(12,124),(13,124),(14,124),(15,124),(16,124),(17,124),(18,124),(19,124),(20,124),(11,125),(12,125),(13,125),(14,125),(15,125),(16,125),(17,125),(18,125),(19,125),(20,125),(11,126),(12,126),(13,126),(14,126),(15,126),(16,126),(17,126),(18,126),(19,126),(20,126),(11,127),(12,127),(13,127),(14,127),(15,127),(16,127),(17,127),(18,127),(19,127),(20,127),(11,128),(12,128),(13,128),(14,128),(15,128),(16,128),(17,128),(18,128),(19,128),(20,128),(11,129),(12,129),(13,129),(14,129),(15,129),(16,129),(17,129),(18,129),(19,129),(20,129),(11,130),(12,130),(13,130),(14,130),(15,130),(16,130),(17,130),(18,130),(19,130),(20,130),(11,131),(12,131),(13,131),(14,131),(15,131),(16,131),(17,131),(18,131),(19,131),(20,131),(11,132),(12,132),(13,132),(14,132),(15,132),(16,132),(17,132),(18,132),(19,132),(20,132),(11,133),(12,133),(13,133),(14,133),(15,133),(16,133),(17,133),(18,133),(19,133),(20,133),(11,134),(12,134),(13,134),(14,134),(15,134),(16,134),(17,134),(18,134),(19,134),(20,134),(11,135),(12,135),(13,135),(14,135),(15,135),(16,135),(17,135),(18,135),(19,135),(20,135),(11,136),(12,136),(13,136),(14,136),(15,136),(16,136),(17,136),(18,136),(19,136),(20,136),(11,137),(12,137),(13,137),(14,137),(15,137),(16,137),(17,137),(18,137),(19,137),(20,137),(11,138),(12,138),(13,138),(14,138),(15,138),(16,138),(17,138),(18,138),(19,138),(20,138),(11,139),(12,139),(13,139),(14,139),(15,139),(16,139),(17,139),(18,139),(19,139),(20,139),(11,140),(12,140),(13,140),(14,140),(15,140),(16,140),(17,140),(18,140),(19,140),(20,140),(11,141),(12,141),(13,141),(14,141),(15,141),(16,141),(17,141),(18,141),(19,141),(20,141),(11,142),(12,142),(13,142),(14,142),(15,142),(16,142),(17,142),(18,142),(19,142),(20,142),(11,143),(12,143),(13,143),(14,143),(15,143),(16,143),(17,143),(18,143),(19,143),(20,143),(11,144),(12,144),(13,144),(14,144),(15,144),(16,144),(17,144),(18,144),(19,144),(20,144),(11,145),(12,145),(13,145),(14,145),(15,145),(16,145),(17,145),(18,145),(19,145),(20,145),(11,146),(12,146),(13,146),(14,146),(15,146),(16,146),(17,146),(18,146),(19,146),(20,146),(11,147),(12,147),(13,147),(14,147),(15,147),(16,147),(17,147),(18,147),(19,147),(20,147),(11,148),(12,148),(13,148),(14,148),(15,148),(16,148),(17,148),(18,148),(19,148),(20,148),(11,149),(12,149),(13,149),(14,149),(15,149),(16,149),(17,149),(18,149),(19,149),(20,149),(11,150),(12,150),(13,150),(14,150),(15,150),(16,150),(17,150),(18,150),(19,150),(20,150),(11,151),(12,151),(13,151),(14,151),(15,151),(16,151),(17,151),(18,151),(19,151),(20,151),(11,152),(12,152),(13,152),(14,152),(15,152),(16,152),(17,152),(18,152),(19,152),(20,152),(11,153),(12,153),(13,153),(14,153),(15,153),(16,153),(17,153),(18,153),(19,153),(20,153),(11,154),(12,154),(13,154),(14,154),(15,154),(16,154),(17,154),(18,154),(19,154),(20,154),(11,155),(12,155),(13,155),(14,155),(15,155),(16,155),(17,155),(18,155),(19,155),(20,155),(11,156),(12,156),(13,156),(14,156),(15,156),(16,156),(17,156),(18,156),(19,156),(20,156),(11,157),(12,157),(13,157),(14,157),(15,157),(16,157),(17,157),(18,157),(19,157),(20,157),(11,158),(12,158),(13,158),(14,158),(15,158),(16,158),(17,158),(18,158),(19,158),(20,158),(11,159),(12,159),(13,159),(14,159),(15,159),(16,159),(17,159),(18,159),(19,159),(20,159),(11,160),(12,160),(13,160),(14,160),(15,160),(16,160),(17,160),(18,160),(19,160),(20,160),(11,161),(12,161),(13,161),(14,161),(15,161),(16,161),(17,161),(18,161),(19,161),(20,161),(11,162),(12,162),(13,162),(14,162),(15,162),(16,162),(17,162),(18,162),(19,162),(20,162),(11,163),(12,163),(13,163),(14,163),(15,163),(16,163),(17,163),(18,163),(19,163),(20,163),(11,164),(12,164),(13,164),(14,164),(15,164),(16,164),(17,164),(18,164),(19,164),(20,164),(11,165),(12,165),(13,165),(14,165),(15,165),(16,165),(17,165),(18,165),(19,165),(20,165),(11,166),(12,166),(13,166),(14,166),(15,166),(16,166),(17,166),(18,166),(19,166),(20,166),(11,167),(12,167),(13,167),(14,167),(15,167),(16,167),(17,167),(18,167),(19,167),(20,167),(11,168),(12,168),(13,168),(14,168),(15,168),(16,168),(17,168),(18,168),(19,168),(20,168),(11,169),(12,169),(13,169),(14,169),(15,169),(16,169),(17,169),(18,169),(19,169),(20,169),(11,170),(12,170),(13,170),(14,170),(15,170),(16,170),(17,170),(18,170),(19,170),(20,170),(11,171),(12,171),(13,171),(14,171),(15,171),(16,171),(17,171),(18,171),(19,171),(20,171),(11,172),(12,172),(13,172),(14,172),(15,172),(16,172),(17,172),(18,172),(19,172),(20,172);
/*!40000 ALTER TABLE `assignments_user_role` ENABLE KEYS */;
UNLOCK TABLES;

--
-- Table structure for table `audit_logs`
--

DROP TABLE IF EXISTS `audit_logs`;
/*!40101 SET @saved_cs_client     = @@character_set_client */;
/*!40101 SET character_set_client = utf8 */;
CREATE TABLE `audit_logs` (
  `auditlog_id` bigint(20) NOT NULL AUTO_INCREMENT,
  `date_executed` datetime NOT NULL,
  `ip_address` varchar(15) NOT NULL,
  `user_id` bigint(20) DEFAULT NULL,
  `company_id` bigint(20) DEFAULT NULL,
  `action` int(4) NOT NULL,
  `object_name` varchar(64) DEFAULT NULL,
  `object_id` bigint(20) DEFAULT NULL,
  PRIMARY KEY (`auditlog_id`),
  KEY `FK_audit_logs_users` (`user_id`),
  CONSTRAINT `FK_audit_logs_users` FOREIGN KEY (`user_id`) REFERENCES `system_users` (`user_id`)
) ENGINE=InnoDB AUTO_INCREMENT=770 DEFAULT CHARSET=latin1;
/*!40101 SET character_set_client = @saved_cs_client */;

--
-- Dumping data for table `audit_logs`
--

LOCK TABLES `audit_logs` WRITE;
/*!40000 ALTER TABLE `audit_logs` DISABLE KEYS */;
INSERT INTO `audit_logs` VALUES (181,'2015-08-05 16:35:47','127.0.0.1',34,4,1,'project',120),(182,'2015-08-05 17:29:27','127.0.0.1',34,4,1,'project',121),(183,'2015-08-06 09:27:49','127.0.0.1',34,4,1,'project',122),(184,'2015-08-06 10:24:46','127.0.0.1',35,NULL,1,'project',123),(185,'2015-08-06 10:29:09','127.0.0.1',34,4,1,'project',124),(186,'2015-08-06 10:32:26','127.0.0.1',34,4,1,'project',125),(187,'2015-08-06 10:33:08','127.0.0.1',34,4,1,'project',126),(188,'2015-08-06 10:36:41','127.0.0.1',34,4,1,'project',127),(189,'2015-08-06 10:41:17','127.0.0.1',34,4,1,'project',128),(190,'2015-08-06 10:59:04','127.0.0.1',34,4,1,'project',129),(191,'2015-08-06 11:17:27','127.0.0.1',34,4,1,'project',130),(192,'2015-08-06 11:44:29','127.0.0.1',34,4,1,'project',131),(193,'2015-08-06 14:14:31','127.0.0.1',34,4,6,'project',120),(194,'2015-08-06 14:14:31','127.0.0.1',34,4,4,'project',120),(195,'2015-08-06 14:14:31','127.0.0.1',34,4,6,'',-1),(196,'2015-08-06 14:14:31','127.0.0.1',34,4,4,'',-1),(197,'2015-08-06 14:14:33','127.0.0.1',34,4,9,'project',-1),(198,'2015-08-06 14:14:33','127.0.0.1',34,4,9,'',-1),(199,'2015-08-06 14:14:37','127.0.0.1',34,4,6,'project',124),(200,'2015-08-06 14:14:37','127.0.0.1',34,4,4,'project',124),(201,'2015-08-06 14:14:38','127.0.0.1',34,4,4,'',-1),(202,'2015-08-06 14:14:38','127.0.0.1',34,4,6,'',-1),(203,'2015-08-06 14:14:38','127.0.0.1',34,4,9,'project',-1),(204,'2015-08-06 14:14:38','127.0.0.1',34,4,9,'',-1),(205,'2015-08-06 14:14:39','127.0.0.1',34,4,4,'project',121),(206,'2015-08-06 14:14:39','127.0.0.1',34,4,6,'project',121),(207,'2015-08-06 14:14:39','127.0.0.1',34,4,4,'',-1),(208,'2015-08-06 14:14:39','127.0.0.1',34,4,6,'',-1),(209,'2015-08-06 14:14:39','127.0.0.1',34,4,9,'project',-1),(210,'2015-08-06 14:14:39','127.0.0.1',34,4,9,'',-1),(211,'2015-08-06 14:14:41','127.0.0.1',34,4,4,'project',122),(212,'2015-08-06 14:14:41','127.0.0.1',34,4,4,'',-1),(213,'2015-08-06 14:14:41','127.0.0.1',34,4,6,'project',122),(214,'2015-08-06 14:14:41','127.0.0.1',34,4,6,'',-1),(215,'2015-08-06 14:14:41','127.0.0.1',34,4,9,'project',-1),(216,'2015-08-06 14:14:41','127.0.0.1',34,4,9,'',-1),(217,'2015-08-06 14:14:43','127.0.0.1',34,4,6,'project',125),(218,'2015-08-06 14:14:43','127.0.0.1',34,4,4,'project',125),(219,'2015-08-06 14:14:43','127.0.0.1',34,4,6,'',-1),(220,'2015-08-06 14:14:43','127.0.0.1',34,4,4,'',-1),(221,'2015-08-06 14:14:43','127.0.0.1',34,4,9,'project',-1),(222,'2015-08-06 14:14:43','127.0.0.1',34,4,9,'',-1),(223,'2015-08-06 14:14:44','127.0.0.1',34,4,6,'project',126),(224,'2015-08-06 14:14:44','127.0.0.1',34,4,6,'',-1),(225,'2015-08-06 14:14:44','127.0.0.1',34,4,4,'project',126),(226,'2015-08-06 14:14:44','127.0.0.1',34,4,4,'',-1),(227,'2015-08-06 14:14:44','127.0.0.1',34,4,9,'project',-1),(228,'2015-08-06 14:14:44','127.0.0.1',34,4,9,'',-1),(229,'2015-08-06 14:14:45','127.0.0.1',34,4,4,'project',127),(230,'2015-08-06 14:14:45','127.0.0.1',34,4,6,'project',127),(231,'2015-08-06 14:14:45','127.0.0.1',34,4,4,'',-1),(232,'2015-08-06 14:14:45','127.0.0.1',34,4,6,'',-1),(233,'2015-08-06 14:14:45','127.0.0.1',34,4,9,'project',-1),(234,'2015-08-06 14:14:45','127.0.0.1',34,4,9,'',-1),(235,'2015-08-06 14:14:46','127.0.0.1',34,4,6,'project',128),(236,'2015-08-06 14:14:46','127.0.0.1',34,4,6,'',-1),(237,'2015-08-06 14:14:46','127.0.0.1',34,4,4,'project',128),(238,'2015-08-06 14:14:46','127.0.0.1',34,4,4,'',-1),(239,'2015-08-06 14:14:47','127.0.0.1',34,4,9,'project',-1),(240,'2015-08-06 14:14:47','127.0.0.1',34,4,9,'',-1),(241,'2015-08-06 14:14:48','127.0.0.1',34,4,6,'project',129),(242,'2015-08-06 14:14:48','127.0.0.1',34,4,4,'project',129),(243,'2015-08-06 14:14:48','127.0.0.1',34,4,6,'',-1),(244,'2015-08-06 14:14:48','127.0.0.1',34,4,4,'',-1),(245,'2015-08-06 14:14:54','127.0.0.1',34,4,9,'project',-1),(246,'2015-08-06 14:14:54','127.0.0.1',34,4,9,'',-1),(247,'2015-08-06 14:14:55','127.0.0.1',34,4,6,'project',130),(248,'2015-08-06 14:14:55','127.0.0.1',34,4,6,'',-1),(249,'2015-08-06 14:14:55','127.0.0.1',34,4,4,'project',130),(250,'2015-08-06 14:14:55','127.0.0.1',34,4,4,'',-1),(251,'2015-08-06 14:14:55','127.0.0.1',34,4,9,'project',-1),(252,'2015-08-06 14:14:55','127.0.0.1',34,4,9,'',-1),(253,'2015-08-06 14:14:57','127.0.0.1',34,4,6,'project',131),(254,'2015-08-06 14:14:57','127.0.0.1',34,4,4,'project',131),(255,'2015-08-06 14:14:57','127.0.0.1',34,4,6,'',-1),(256,'2015-08-06 14:14:57','127.0.0.1',34,4,4,'',-1),(257,'2015-08-06 14:14:57','127.0.0.1',34,4,9,'project',-1),(258,'2015-08-06 14:14:57','127.0.0.1',34,4,9,'',-1),(259,'2015-08-06 14:55:36','127.0.0.1',34,4,9,'project',-1),(260,'2015-08-06 14:55:36','127.0.0.1',34,4,9,'',-1),(261,'2015-08-06 14:56:40','127.0.0.1',34,4,9,'project',-1),(262,'2015-08-06 14:56:41','127.0.0.1',34,4,9,'',-1),(263,'2015-08-06 14:56:47','127.0.0.1',34,4,1,'project',132),(264,'2015-08-06 14:56:47','127.0.0.1',34,4,1,'',-1),(265,'2015-08-06 14:56:48','127.0.0.1',34,4,6,'project',132),(266,'2015-08-06 14:56:48','127.0.0.1',34,4,6,'',-1),(267,'2015-08-06 14:56:48','127.0.0.1',34,4,7,'project',132),(268,'2015-08-06 14:56:48','127.0.0.1',34,4,7,'com.cebedo.pmsys.bean.GanttBean',-1),(269,'2015-08-06 14:56:48','127.0.0.1',34,4,7,'project',132),(270,'2015-08-06 14:56:48','127.0.0.1',34,4,7,'com.cebedo.pmsys.bean.CalendarEventBean',-1),(271,'2015-08-06 14:56:49','127.0.0.1',34,4,8,'project',132),(272,'2015-08-06 14:56:49','127.0.0.1',34,4,8,'com.cebedo.pmsys.enums.TaskStatus',-1),(273,'2015-08-06 14:56:49','127.0.0.1',34,4,8,'project',132),(274,'2015-08-06 14:56:49','127.0.0.1',34,4,8,'com.cebedo.pmsys.model.Milestone',-1),(275,'2015-08-06 15:40:19','127.0.0.1',34,4,9,'project',-1),(276,'2015-08-06 15:40:19','127.0.0.1',34,4,9,'',-1),(277,'2015-08-06 15:40:21','127.0.0.1',34,4,7,'project',132),(278,'2015-08-06 15:40:21','127.0.0.1',34,4,7,'com.cebedo.pmsys.bean.CalendarEventBean',-1),(279,'2015-08-06 15:40:21','127.0.0.1',34,4,7,'project',132),(280,'2015-08-06 15:40:21','127.0.0.1',34,4,7,'com.cebedo.pmsys.bean.GanttBean',-1),(281,'2015-08-06 15:40:21','127.0.0.1',34,4,8,'project',132),(282,'2015-08-06 15:40:21','127.0.0.1',34,4,8,'project',132),(283,'2015-08-06 15:40:21','127.0.0.1',34,4,8,'com.cebedo.pmsys.model.Milestone',-1),(284,'2015-08-06 15:40:21','127.0.0.1',34,4,8,'com.cebedo.pmsys.enums.TaskStatus',-1),(285,'2015-08-06 15:40:46','127.0.0.1',34,4,7,'project',132),(286,'2015-08-06 15:40:46','127.0.0.1',34,4,7,'project',132),(287,'2015-08-06 15:40:46','127.0.0.1',34,4,7,'com.cebedo.pmsys.bean.GanttBean',-1),(288,'2015-08-06 15:40:46','127.0.0.1',34,4,7,'com.cebedo.pmsys.bean.CalendarEventBean',-1),(289,'2015-08-06 15:40:46','127.0.0.1',34,4,8,'project',132),(290,'2015-08-06 15:40:46','127.0.0.1',34,4,8,'project',132),(291,'2015-08-06 15:40:46','127.0.0.1',34,4,8,'com.cebedo.pmsys.enums.TaskStatus',-1),(292,'2015-08-06 15:40:46','127.0.0.1',34,4,8,'com.cebedo.pmsys.model.Milestone',-1),(293,'2015-08-06 15:40:52','127.0.0.1',34,4,7,'project',132),(294,'2015-08-06 15:40:52','127.0.0.1',34,4,7,'com.cebedo.pmsys.bean.GanttBean',-1),(295,'2015-08-06 15:40:52','127.0.0.1',34,4,7,'project',132),(296,'2015-08-06 15:40:52','127.0.0.1',34,4,7,'com.cebedo.pmsys.bean.CalendarEventBean',-1),(297,'2015-08-06 15:40:52','127.0.0.1',34,4,8,'project',132),(298,'2015-08-06 15:40:52','127.0.0.1',34,4,8,'project',132),(299,'2015-08-06 15:40:52','127.0.0.1',34,4,8,'com.cebedo.pmsys.model.Milestone',-1),(300,'2015-08-06 15:40:52','127.0.0.1',34,4,8,'com.cebedo.pmsys.enums.TaskStatus',-1),(301,'2015-08-06 15:41:13','127.0.0.1',34,4,7,'project',132),(302,'2015-08-06 15:41:13','127.0.0.1',34,4,7,'project',132),(303,'2015-08-06 15:41:13','127.0.0.1',34,4,7,'com.cebedo.pmsys.bean.CalendarEventBean',-1),(304,'2015-08-06 15:41:13','127.0.0.1',34,4,7,'com.cebedo.pmsys.bean.GanttBean',-1),(305,'2015-08-06 15:41:14','127.0.0.1',34,4,8,'project',132),(306,'2015-08-06 15:41:14','127.0.0.1',34,4,8,'project',132),(307,'2015-08-06 15:41:14','127.0.0.1',34,4,8,'com.cebedo.pmsys.model.Milestone',-1),(308,'2015-08-06 15:41:14','127.0.0.1',34,4,8,'com.cebedo.pmsys.enums.TaskStatus',-1),(309,'2015-08-06 16:01:11','127.0.0.1',34,4,7,'project',132),(310,'2015-08-06 16:01:11','127.0.0.1',34,4,7,'com.cebedo.pmsys.bean.CalendarEventBean',-1),(311,'2015-08-06 16:01:11','127.0.0.1',34,4,7,'project',132),(312,'2015-08-06 16:01:11','127.0.0.1',34,4,8,'project',132),(313,'2015-08-06 16:01:11','127.0.0.1',34,4,7,'com.cebedo.pmsys.bean.GanttBean',-1),(314,'2015-08-06 16:01:11','127.0.0.1',34,4,8,'com.cebedo.pmsys.model.Milestone',-1),(315,'2015-08-06 16:01:11','127.0.0.1',34,4,8,'project',132),(316,'2015-08-06 16:01:11','127.0.0.1',34,4,8,'com.cebedo.pmsys.enums.TaskStatus',-1),(317,'2015-08-06 16:01:37','127.0.0.1',34,4,7,'project',132),(318,'2015-08-06 16:01:37','127.0.0.1',34,4,7,'com.cebedo.pmsys.bean.CalendarEventBean',-1),(319,'2015-08-06 16:01:37','127.0.0.1',34,4,7,'project',132),(320,'2015-08-06 16:01:37','127.0.0.1',34,4,7,'com.cebedo.pmsys.bean.GanttBean',-1),(321,'2015-08-06 16:01:37','127.0.0.1',34,4,8,'project',132),(322,'2015-08-06 16:01:37','127.0.0.1',34,4,8,'com.cebedo.pmsys.enums.TaskStatus',-1),(323,'2015-08-06 16:01:37','127.0.0.1',34,4,8,'project',132),(324,'2015-08-06 16:01:37','127.0.0.1',34,4,8,'com.cebedo.pmsys.model.Milestone',-1),(325,'2015-08-06 16:02:33','127.0.0.1',34,4,7,'project',132),(326,'2015-08-06 16:02:33','127.0.0.1',34,4,7,'com.cebedo.pmsys.bean.CalendarEventBean',-1),(327,'2015-08-06 16:02:33','127.0.0.1',34,4,7,'project',132),(328,'2015-08-06 16:02:33','127.0.0.1',34,4,7,'com.cebedo.pmsys.bean.GanttBean',-1),(329,'2015-08-06 16:02:33','127.0.0.1',34,4,8,'project',132),(330,'2015-08-06 16:02:33','127.0.0.1',34,4,8,'com.cebedo.pmsys.model.Milestone',-1),(331,'2015-08-06 16:02:33','127.0.0.1',34,4,8,'project',132),(332,'2015-08-06 16:02:33','127.0.0.1',34,4,8,'com.cebedo.pmsys.enums.TaskStatus',-1),(333,'2015-08-06 16:02:42','127.0.0.1',34,4,7,'project',132),(334,'2015-08-06 16:02:42','127.0.0.1',34,4,7,'com.cebedo.pmsys.bean.CalendarEventBean',-1),(335,'2015-08-06 16:02:42','127.0.0.1',34,4,7,'project',132),(336,'2015-08-06 16:02:42','127.0.0.1',34,4,7,'com.cebedo.pmsys.bean.GanttBean',-1),(337,'2015-08-06 16:02:43','127.0.0.1',34,4,8,'project',132),(338,'2015-08-06 16:02:43','127.0.0.1',34,4,8,'com.cebedo.pmsys.model.Milestone',-1),(339,'2015-08-06 16:02:43','127.0.0.1',34,4,8,'project',132),(340,'2015-08-06 16:02:43','127.0.0.1',34,4,8,'com.cebedo.pmsys.enums.TaskStatus',-1),(341,'2015-08-06 16:03:22','127.0.0.1',34,4,7,'project',132),(342,'2015-08-06 16:03:22','127.0.0.1',34,4,7,'project',132),(343,'2015-08-06 16:03:22','127.0.0.1',34,4,7,'com.cebedo.pmsys.bean.GanttBean',-1),(344,'2015-08-06 16:03:22','127.0.0.1',34,4,7,'com.cebedo.pmsys.bean.CalendarEventBean',-1),(345,'2015-08-06 16:03:22','127.0.0.1',34,4,8,'project',132),(346,'2015-08-06 16:03:22','127.0.0.1',34,4,8,'com.cebedo.pmsys.enums.TaskStatus',-1),(347,'2015-08-06 16:03:22','127.0.0.1',34,4,8,'project',132),(348,'2015-08-06 16:03:22','127.0.0.1',34,4,8,'com.cebedo.pmsys.model.Milestone',-1),(349,'2015-08-06 16:03:38','127.0.0.1',34,4,7,'project',132),(350,'2015-08-06 16:03:38','127.0.0.1',34,4,7,'project',132),(351,'2015-08-06 16:03:38','127.0.0.1',34,4,7,'com.cebedo.pmsys.bean.GanttBean',-1),(352,'2015-08-06 16:03:38','127.0.0.1',34,4,7,'com.cebedo.pmsys.bean.CalendarEventBean',-1),(353,'2015-08-06 16:03:39','127.0.0.1',34,4,8,'project',132),(354,'2015-08-06 16:03:39','127.0.0.1',34,4,8,'com.cebedo.pmsys.enums.TaskStatus',-1),(355,'2015-08-06 16:03:39','127.0.0.1',34,4,8,'project',132),(356,'2015-08-06 16:03:39','127.0.0.1',34,4,8,'com.cebedo.pmsys.model.Milestone',-1),(357,'2015-08-06 16:03:54','127.0.0.1',34,4,2,'project',132),(358,'2015-08-06 16:03:54','127.0.0.1',34,4,2,'task',-1),(359,'2015-08-06 16:03:54','127.0.0.1',34,4,7,'project',132),(360,'2015-08-06 16:03:54','127.0.0.1',34,4,7,'com.cebedo.pmsys.bean.GanttBean',-1),(361,'2015-08-06 16:03:54','127.0.0.1',34,4,7,'project',132),(362,'2015-08-06 16:03:54','127.0.0.1',34,4,7,'com.cebedo.pmsys.bean.CalendarEventBean',-1),(363,'2015-08-06 16:03:54','127.0.0.1',34,4,8,'project',132),(364,'2015-08-06 16:03:55','127.0.0.1',34,4,8,'com.cebedo.pmsys.enums.TaskStatus',-1),(365,'2015-08-06 16:03:55','127.0.0.1',34,4,8,'project',132),(366,'2015-08-06 16:03:55','127.0.0.1',34,4,8,'com.cebedo.pmsys.model.Milestone',-1),(367,'2015-08-06 16:04:46','127.0.0.1',34,4,1,'staff',91),(368,'2015-08-06 16:04:46','127.0.0.1',34,4,1,'',-1),(369,'2015-08-06 16:05:50','127.0.0.1',34,4,1,'staff',92),(370,'2015-08-06 16:05:50','127.0.0.1',34,4,1,'',-1),(371,'2015-08-06 16:09:23','127.0.0.1',34,4,1,'staff',93),(372,'2015-08-06 16:09:23','127.0.0.1',34,4,1,'',-1),(373,'2015-08-06 16:11:48','127.0.0.1',34,4,1,'staff',94),(374,'2015-08-06 16:11:48','127.0.0.1',34,4,1,'',-1),(375,'2015-08-06 16:15:44','127.0.0.1',34,4,1,'staff',95),(376,'2015-08-06 16:15:44','127.0.0.1',34,4,1,'',-1),(377,'2015-08-06 16:16:54','127.0.0.1',34,4,1,'staff',96),(378,'2015-08-06 16:16:55','127.0.0.1',34,4,1,'',-1),(379,'2015-08-06 16:17:48','127.0.0.1',34,4,1,'staff',97),(380,'2015-08-06 16:17:48','127.0.0.1',34,4,1,'',-1),(389,'2015-08-10 14:42:02','127.0.0.1',35,NULL,804,'',-1),(390,'2015-08-10 14:42:02','127.0.0.1',35,NULL,804,'',-1),(409,'2015-08-10 14:56:24','127.0.0.1',NULL,NULL,803,'root',35),(410,'2015-08-10 14:56:24','127.0.0.1',NULL,NULL,803,'',-1),(411,'2015-08-10 14:58:02','127.0.0.1',NULL,NULL,803,'root',35),(412,'2015-08-10 14:58:22','127.0.0.1',35,NULL,804,'',-1),(413,'2015-08-10 14:58:59','127.0.0.1',35,NULL,804,'',-1),(414,'2015-08-10 15:00:21','127.0.0.1',35,NULL,804,'',-1),(415,'2015-08-10 15:00:59','127.0.0.1',35,NULL,804,'',-1),(416,'2015-08-10 15:01:05','127.0.0.1',35,NULL,804,'',-1),(417,'2015-08-10 15:01:09','127.0.0.1',34,4,804,'',-1),(418,'2015-08-10 15:03:31','127.0.0.1',34,4,804,'',-1),(419,'2015-08-10 15:09:07','127.0.0.1',34,4,804,'',-1),(420,'2015-08-10 15:09:30','127.0.0.1',34,4,804,'',-1),(421,'2015-08-10 15:09:38','127.0.0.1',34,4,114,'project',-1),(422,'2015-08-10 15:09:46','127.0.0.1',34,4,100,'project',133),(423,'2015-08-10 15:09:47','127.0.0.1',34,4,110,'project',133),(424,'2015-08-10 15:09:47','127.0.0.1',34,4,114,'project',133),(425,'2015-08-10 15:09:47','127.0.0.1',34,4,114,'estimationoutput',-1),(426,'2015-08-10 15:09:47','127.0.0.1',34,4,114,'staff',-1),(427,'2015-08-10 15:09:47','127.0.0.1',34,4,114,'project',133),(428,'2015-08-10 15:09:47','127.0.0.1',34,4,114,'staff',-1),(429,'2015-08-10 15:09:47','127.0.0.1',34,4,114,'project',133),(430,'2015-08-10 15:09:47','127.0.0.1',34,4,114,'project',133),(431,'2015-08-10 15:09:48','127.0.0.1',34,4,114,'payroll',-1),(432,'2015-08-10 15:09:48','127.0.0.1',34,4,114,'delivery',-1),(433,'2015-08-10 15:09:48','127.0.0.1',34,4,114,'project',133),(434,'2015-08-10 15:09:48','127.0.0.1',34,4,114,'material',-1),(435,'2015-08-10 15:09:48','127.0.0.1',34,4,114,'project',133),(436,'2015-08-10 15:09:48','127.0.0.1',34,4,114,'pullout',-1),(437,'2015-08-10 15:09:48','127.0.0.1',34,4,110,'projectAux',-1),(438,'2015-08-10 15:09:48','127.0.0.1',34,4,112,'project',133),(439,'2015-08-10 15:09:48','127.0.0.1',34,4,112,'com.cebedo.pmsys.bean.GanttBean',-1),(440,'2015-08-10 15:09:48','127.0.0.1',34,4,112,'project',133),(441,'2015-08-10 15:09:48','127.0.0.1',34,4,112,'com.cebedo.pmsys.bean.CalendarEventBean',-1),(442,'2015-08-10 15:09:48','127.0.0.1',34,4,113,'project',133),(443,'2015-08-10 15:09:48','127.0.0.1',34,4,113,'com.cebedo.pmsys.enums.TaskStatus',-1),(444,'2015-08-10 15:09:48','127.0.0.1',34,4,113,'project',133),(445,'2015-08-10 15:09:48','127.0.0.1',34,4,113,'com.cebedo.pmsys.model.Milestone',-1),(446,'2015-08-10 15:10:00','127.0.0.1',34,4,114,'project',-1),(447,'2015-08-10 15:10:02','127.0.0.1',34,4,110,'project',132),(448,'2015-08-10 15:10:02','127.0.0.1',34,4,107,'project',132),(449,'2015-08-10 15:10:03','127.0.0.1',34,4,114,'project',-1),(450,'2015-08-10 15:10:08','127.0.0.1',34,4,110,'project',133),(451,'2015-08-10 15:10:08','127.0.0.1',34,4,107,'project',133),(452,'2015-08-10 15:10:08','127.0.0.1',34,4,114,'project',-1),(453,'2015-08-10 15:53:19','127.0.0.1',34,4,804,'',-1),(454,'2015-08-10 15:55:03','127.0.0.1',34,4,114,'project',-1),(455,'2015-08-10 15:55:09','127.0.0.1',34,4,100,'project',134),(456,'2015-08-10 15:55:10','127.0.0.1',34,4,110,'project',134),(457,'2015-08-10 15:55:10','127.0.0.1',34,4,114,'project',134),(458,'2015-08-10 15:55:10','127.0.0.1',34,4,114,'estimationoutput',-1),(459,'2015-08-10 15:55:10','127.0.0.1',34,4,114,'staff',-1),(460,'2015-08-10 15:55:10','127.0.0.1',34,4,114,'project',134),(461,'2015-08-10 15:55:10','127.0.0.1',34,4,114,'payroll',-1),(462,'2015-08-10 15:55:11','127.0.0.1',34,4,114,'project',134),(463,'2015-08-10 15:55:10','127.0.0.1',34,4,114,'project',134),(464,'2015-08-10 15:55:11','127.0.0.1',34,4,114,'material',-1),(465,'2015-08-10 15:55:11','127.0.0.1',34,4,114,'staff',-1),(466,'2015-08-10 15:55:11','127.0.0.1',34,4,110,'projectAux',-1),(467,'2015-08-10 15:55:11','127.0.0.1',34,4,114,'project',134),(468,'2015-08-10 15:55:11','127.0.0.1',34,4,114,'delivery',-1),(469,'2015-08-10 15:55:11','127.0.0.1',34,4,112,'project',134),(470,'2015-08-10 15:55:11','127.0.0.1',34,4,112,'com.cebedo.pmsys.bean.CalendarEventBean',-1),(471,'2015-08-10 15:55:11','127.0.0.1',34,4,114,'project',134),(472,'2015-08-10 15:55:11','127.0.0.1',34,4,114,'pullout',-1),(473,'2015-08-10 15:55:11','127.0.0.1',34,4,113,'project',134),(474,'2015-08-10 15:55:11','127.0.0.1',34,4,113,'com.cebedo.pmsys.model.Milestone',-1),(475,'2015-08-10 15:55:11','127.0.0.1',34,4,112,'project',134),(476,'2015-08-10 15:55:11','127.0.0.1',34,4,112,'com.cebedo.pmsys.bean.GanttBean',-1),(477,'2015-08-10 15:55:12','127.0.0.1',34,4,113,'project',134),(478,'2015-08-10 15:55:12','127.0.0.1',34,4,113,'com.cebedo.pmsys.enums.TaskStatus',-1),(479,'2015-08-10 15:55:14','127.0.0.1',34,4,110,'project',134),(480,'2015-08-10 15:55:14','127.0.0.1',34,4,107,'project',134),(481,'2015-08-10 15:55:15','127.0.0.1',34,4,114,'project',-1),(482,'2015-08-10 15:59:46','127.0.0.1',34,4,804,'',-1),(483,'2015-08-10 16:00:04','127.0.0.1',34,4,114,'staff',-1),(484,'2015-08-10 16:00:14','127.0.0.1',34,4,100,'staff',91),(485,'2015-08-10 16:00:14','127.0.0.1',34,4,114,'staff',-1),(486,'2015-08-10 16:00:26','127.0.0.1',34,4,114,'systemuser',-1),(487,'2015-08-10 16:00:33','127.0.0.1',34,4,100,'systemuser',175),(488,'2015-08-10 16:00:33','127.0.0.1',34,4,114,'systemuser',-1),(489,'2015-08-10 16:00:47','127.0.0.1',34,4,114,'systemuser',-1),(490,'2015-08-10 16:00:49','127.0.0.1',34,4,114,'systemuser',-1),(491,'2015-08-10 16:00:54','127.0.0.1',34,4,900,'company',-1),(492,'2015-08-10 16:01:16','127.0.0.1',34,4,114,'staff',-1),(493,'2015-08-10 16:02:59','127.0.0.1',35,NULL,804,'',-1),(494,'2015-08-10 16:03:03','127.0.0.1',34,4,804,'',-1),(495,'2015-08-10 16:03:07','127.0.0.1',34,4,114,'project',-1),(496,'2015-08-10 16:03:09','127.0.0.1',34,4,114,'staff',-1),(497,'2015-08-10 16:05:52','127.0.0.1',34,4,804,'',-1),(498,'2015-08-10 16:05:54','127.0.0.1',34,4,114,'staff',-1),(499,'2015-08-10 16:07:41','127.0.0.1',34,4,114,'staff',-1),(500,'2015-08-10 16:08:49','127.0.0.1',34,4,114,'staff',-1),(501,'2015-08-10 16:26:05','127.0.0.1',34,4,804,'',-1),(502,'2015-08-10 16:26:11','127.0.0.1',34,4,114,'project',-1),(503,'2015-08-10 16:26:18','127.0.0.1',34,4,100,'project',135),(504,'2015-08-10 16:26:19','127.0.0.1',34,4,110,'project',135),(505,'2015-08-10 16:26:19','127.0.0.1',34,4,114,'project',135),(506,'2015-08-10 16:26:19','127.0.0.1',34,4,114,'estimationoutput',-1),(507,'2015-08-10 16:26:19','127.0.0.1',34,4,114,'staff',-1),(508,'2015-08-10 16:26:19','127.0.0.1',34,4,114,'project',135),(509,'2015-08-10 16:26:19','127.0.0.1',34,4,114,'staff',-1),(510,'2015-08-10 16:26:19','127.0.0.1',34,4,114,'project',135),(511,'2015-08-10 16:26:19','127.0.0.1',34,4,114,'payroll',-1),(512,'2015-08-10 16:26:20','127.0.0.1',34,4,114,'project',135),(513,'2015-08-10 16:26:20','127.0.0.1',34,4,114,'delivery',-1),(514,'2015-08-10 16:26:20','127.0.0.1',34,4,114,'project',135),(515,'2015-08-10 16:26:20','127.0.0.1',34,4,114,'material',-1),(516,'2015-08-10 16:26:20','127.0.0.1',34,4,114,'project',135),(517,'2015-08-10 16:26:20','127.0.0.1',34,4,110,'projectAux',-1),(518,'2015-08-10 16:26:20','127.0.0.1',34,4,114,'pullout',-1),(519,'2015-08-10 16:26:20','127.0.0.1',34,4,112,'project',135),(520,'2015-08-10 16:26:20','127.0.0.1',34,4,112,'com.cebedo.pmsys.bean.GanttBean',-1),(521,'2015-08-10 16:26:20','127.0.0.1',34,4,112,'project',135),(522,'2015-08-10 16:26:20','127.0.0.1',34,4,112,'com.cebedo.pmsys.bean.CalendarEventBean',-1),(523,'2015-08-10 16:26:20','127.0.0.1',34,4,113,'project',135),(524,'2015-08-10 16:26:20','127.0.0.1',34,4,113,'com.cebedo.pmsys.enums.TaskStatus',-1),(525,'2015-08-10 16:26:20','127.0.0.1',34,4,113,'project',135),(526,'2015-08-10 16:26:20','127.0.0.1',34,4,113,'com.cebedo.pmsys.model.Milestone',-1),(527,'2015-08-10 16:26:41','127.0.0.1',34,4,117,'project',135),(528,'2015-08-10 16:26:41','127.0.0.1',34,4,117,'staff',-1),(529,'2015-08-10 16:26:42','127.0.0.1',34,4,114,'project',135),(530,'2015-08-10 16:26:42','127.0.0.1',34,4,114,'staff',-1),(531,'2015-08-10 16:26:42','127.0.0.1',34,4,114,'estimationoutput',-1),(532,'2015-08-10 16:26:42','127.0.0.1',34,4,114,'project',135),(533,'2015-08-10 16:26:42','127.0.0.1',34,4,114,'payroll',-1),(534,'2015-08-10 16:26:42','127.0.0.1',34,4,114,'project',135),(535,'2015-08-10 16:26:42','127.0.0.1',34,4,114,'project',135),(536,'2015-08-10 16:26:42','127.0.0.1',34,4,114,'staff',-1),(537,'2015-08-10 16:26:42','127.0.0.1',34,4,114,'material',-1),(538,'2015-08-10 16:26:43','127.0.0.1',34,4,114,'project',135),(539,'2015-08-10 16:26:43','127.0.0.1',34,4,114,'delivery',-1),(540,'2015-08-10 16:26:43','127.0.0.1',34,4,110,'projectAux',-1),(541,'2015-08-10 16:26:43','127.0.0.1',34,4,114,'project',135),(542,'2015-08-10 16:26:43','127.0.0.1',34,4,114,'pullout',-1),(543,'2015-08-10 16:26:43','127.0.0.1',34,4,112,'project',135),(544,'2015-08-10 16:26:43','127.0.0.1',34,4,112,'com.cebedo.pmsys.bean.CalendarEventBean',-1),(545,'2015-08-10 16:26:43','127.0.0.1',34,4,112,'project',135),(546,'2015-08-10 16:26:43','127.0.0.1',34,4,112,'com.cebedo.pmsys.bean.GanttBean',-1),(547,'2015-08-10 16:26:43','127.0.0.1',34,4,113,'project',135),(548,'2015-08-10 16:26:43','127.0.0.1',34,4,113,'com.cebedo.pmsys.model.Milestone',-1),(549,'2015-08-10 16:26:43','127.0.0.1',34,4,113,'project',135),(550,'2015-08-10 16:26:43','127.0.0.1',34,4,113,'com.cebedo.pmsys.enums.TaskStatus',-1),(551,'2015-08-10 16:27:22','127.0.0.1',34,4,114,'project',-1),(552,'2015-08-10 16:27:24','127.0.0.1',34,4,110,'project',135),(553,'2015-08-10 16:27:24','127.0.0.1',34,4,114,'project',135),(554,'2015-08-10 16:27:24','127.0.0.1',34,4,114,'estimationoutput',-1),(555,'2015-08-10 16:27:24','127.0.0.1',34,4,114,'staff',-1),(556,'2015-08-10 16:27:24','127.0.0.1',34,4,114,'project',135),(557,'2015-08-10 16:27:25','127.0.0.1',34,4,114,'staff',-1),(558,'2015-08-10 16:27:25','127.0.0.1',34,4,114,'project',135),(559,'2015-08-10 16:27:25','127.0.0.1',34,4,114,'payroll',-1),(560,'2015-08-10 16:27:25','127.0.0.1',34,4,114,'project',135),(561,'2015-08-10 16:27:25','127.0.0.1',34,4,114,'delivery',-1),(562,'2015-08-10 16:27:25','127.0.0.1',34,4,114,'project',135),(563,'2015-08-10 16:27:25','127.0.0.1',34,4,114,'material',-1),(564,'2015-08-10 16:27:25','127.0.0.1',34,4,114,'project',135),(565,'2015-08-10 16:27:25','127.0.0.1',34,4,114,'pullout',-1),(566,'2015-08-10 16:27:25','127.0.0.1',34,4,110,'projectAux',-1),(567,'2015-08-10 16:27:25','127.0.0.1',34,4,112,'project',135),(568,'2015-08-10 16:27:25','127.0.0.1',34,4,112,'com.cebedo.pmsys.bean.GanttBean',-1),(569,'2015-08-10 16:27:25','127.0.0.1',34,4,112,'project',135),(570,'2015-08-10 16:27:25','127.0.0.1',34,4,112,'com.cebedo.pmsys.bean.CalendarEventBean',-1),(571,'2015-08-10 16:27:25','127.0.0.1',34,4,113,'project',135),(572,'2015-08-10 16:27:25','127.0.0.1',34,4,113,'com.cebedo.pmsys.enums.TaskStatus',-1),(573,'2015-08-10 16:27:25','127.0.0.1',34,4,113,'project',135),(574,'2015-08-10 16:27:25','127.0.0.1',34,4,113,'com.cebedo.pmsys.model.Milestone',-1),(575,'2015-08-10 16:27:30','127.0.0.1',34,4,119,'project',135),(576,'2015-08-10 16:27:30','127.0.0.1',34,4,119,'staff',68),(577,'2015-08-10 16:27:30','127.0.0.1',34,4,114,'staff',-1),(578,'2015-08-10 16:27:30','127.0.0.1',34,4,114,'project',135),(579,'2015-08-10 16:27:30','127.0.0.1',34,4,114,'estimationoutput',-1),(580,'2015-08-10 16:27:30','127.0.0.1',34,4,114,'project',135),(581,'2015-08-10 16:27:30','127.0.0.1',34,4,114,'staff',-1),(582,'2015-08-10 16:27:31','127.0.0.1',34,4,114,'project',135),(583,'2015-08-10 16:27:31','127.0.0.1',34,4,114,'payroll',-1),(584,'2015-08-10 16:27:31','127.0.0.1',34,4,114,'project',135),(585,'2015-08-10 16:27:31','127.0.0.1',34,4,114,'delivery',-1),(586,'2015-08-10 16:27:31','127.0.0.1',34,4,114,'project',135),(587,'2015-08-10 16:27:31','127.0.0.1',34,4,114,'material',-1),(588,'2015-08-10 16:27:31','127.0.0.1',34,4,114,'project',135),(589,'2015-08-10 16:27:31','127.0.0.1',34,4,114,'pullout',-1),(590,'2015-08-10 16:27:31','127.0.0.1',34,4,110,'projectAux',-1),(591,'2015-08-10 16:27:31','127.0.0.1',34,4,112,'project',135),(592,'2015-08-10 16:27:31','127.0.0.1',34,4,112,'com.cebedo.pmsys.bean.GanttBean',-1),(593,'2015-08-10 16:27:31','127.0.0.1',34,4,112,'project',135),(594,'2015-08-10 16:27:31','127.0.0.1',34,4,112,'com.cebedo.pmsys.bean.CalendarEventBean',-1),(595,'2015-08-10 16:27:31','127.0.0.1',34,4,113,'project',135),(596,'2015-08-10 16:27:31','127.0.0.1',34,4,113,'com.cebedo.pmsys.enums.TaskStatus',-1),(597,'2015-08-10 16:27:32','127.0.0.1',34,4,113,'project',135),(598,'2015-08-10 16:27:32','127.0.0.1',34,4,113,'com.cebedo.pmsys.model.Milestone',-1),(599,'2015-08-10 16:29:23','127.0.0.1',35,NULL,804,'',-1),(600,'2015-08-10 16:29:27','127.0.0.1',35,NULL,110,'project',135),(601,'2015-08-10 16:29:27','127.0.0.1',35,NULL,107,'project',135),(602,'2015-08-10 16:29:27','127.0.0.1',35,NULL,114,'project',-1),(603,'2015-08-10 16:30:53','127.0.0.1',35,NULL,114,'project',-1),(604,'2015-08-10 16:32:18','127.0.0.1',34,4,804,'',-1),(605,'2015-08-10 16:32:20','127.0.0.1',34,4,114,'project',-1),(606,'2015-08-10 16:32:29','127.0.0.1',34,4,100,'project',138),(607,'2015-08-10 16:32:29','127.0.0.1',34,4,110,'project',138),(608,'2015-08-10 16:32:29','127.0.0.1',34,4,114,'project',138),(609,'2015-08-10 16:32:29','127.0.0.1',34,4,114,'staff',-1),(610,'2015-08-10 16:32:29','127.0.0.1',34,4,114,'estimationoutput',-1),(611,'2015-08-10 16:32:30','127.0.0.1',34,4,114,'project',138),(612,'2015-08-10 16:32:30','127.0.0.1',34,4,114,'staff',-1),(613,'2015-08-10 16:32:30','127.0.0.1',34,4,114,'project',138),(614,'2015-08-10 16:32:30','127.0.0.1',34,4,114,'payroll',-1),(615,'2015-08-10 16:32:30','127.0.0.1',34,4,114,'project',138),(616,'2015-08-10 16:32:30','127.0.0.1',34,4,114,'delivery',-1),(617,'2015-08-10 16:32:30','127.0.0.1',34,4,114,'project',138),(618,'2015-08-10 16:32:30','127.0.0.1',34,4,114,'material',-1),(619,'2015-08-10 16:32:30','127.0.0.1',34,4,114,'project',138),(620,'2015-08-10 16:32:30','127.0.0.1',34,4,114,'pullout',-1),(621,'2015-08-10 16:32:31','127.0.0.1',34,4,110,'projectAux',-1),(622,'2015-08-10 16:32:31','127.0.0.1',34,4,112,'project',138),(623,'2015-08-10 16:32:31','127.0.0.1',34,4,112,'com.cebedo.pmsys.bean.GanttBean',-1),(624,'2015-08-10 16:32:31','127.0.0.1',34,4,112,'project',138),(625,'2015-08-10 16:32:31','127.0.0.1',34,4,112,'com.cebedo.pmsys.bean.CalendarEventBean',-1),(626,'2015-08-10 16:32:31','127.0.0.1',34,4,113,'project',138),(627,'2015-08-10 16:32:31','127.0.0.1',34,4,113,'com.cebedo.pmsys.enums.TaskStatus',-1),(628,'2015-08-10 16:32:31','127.0.0.1',34,4,113,'project',138),(629,'2015-08-10 16:32:31','127.0.0.1',34,4,113,'com.cebedo.pmsys.model.Milestone',-1),(630,'2015-08-10 16:32:48','127.0.0.1',34,4,123,'company',4),(631,'2015-08-10 16:32:48','127.0.0.1',34,4,123,'org.springframework.web.multipart.MultipartFile',-1),(632,'2015-08-10 16:32:49','127.0.0.1',34,4,114,'company',4),(633,'2015-08-10 16:32:49','127.0.0.1',34,4,114,'staff',-1),(634,'2015-08-10 16:32:49','127.0.0.1',34,4,101,'project',138),(635,'2015-08-10 16:32:49','127.0.0.1',34,4,101,'staff',-1),(636,'2015-08-10 16:32:49','127.0.0.1',34,4,114,'staff',-1),(637,'2015-08-10 16:32:49','127.0.0.1',34,4,114,'project',138),(638,'2015-08-10 16:32:50','127.0.0.1',34,4,114,'estimationoutput',-1),(639,'2015-08-10 16:32:50','127.0.0.1',34,4,114,'project',138),(640,'2015-08-10 16:32:50','127.0.0.1',34,4,114,'payroll',-1),(641,'2015-08-10 16:32:50','127.0.0.1',34,4,114,'project',138),(642,'2015-08-10 16:32:50','127.0.0.1',34,4,114,'material',-1),(643,'2015-08-10 16:32:50','127.0.0.1',34,4,110,'projectAux',-1),(644,'2015-08-10 16:32:50','127.0.0.1',34,4,114,'project',138),(645,'2015-08-10 16:32:50','127.0.0.1',34,4,114,'staff',-1),(646,'2015-08-10 16:32:50','127.0.0.1',34,4,112,'project',138),(647,'2015-08-10 16:32:50','127.0.0.1',34,4,112,'com.cebedo.pmsys.bean.CalendarEventBean',-1),(648,'2015-08-10 16:32:50','127.0.0.1',34,4,114,'project',138),(649,'2015-08-10 16:32:50','127.0.0.1',34,4,114,'delivery',-1),(650,'2015-08-10 16:32:50','127.0.0.1',34,4,113,'project',138),(651,'2015-08-10 16:32:50','127.0.0.1',34,4,113,'com.cebedo.pmsys.model.Milestone',-1),(652,'2015-08-10 16:32:50','127.0.0.1',34,4,114,'project',138),(653,'2015-08-10 16:32:50','127.0.0.1',34,4,114,'pullout',-1),(654,'2015-08-10 16:32:51','127.0.0.1',34,4,112,'project',138),(655,'2015-08-10 16:32:51','127.0.0.1',34,4,112,'com.cebedo.pmsys.bean.GanttBean',-1),(656,'2015-08-10 16:32:51','127.0.0.1',34,4,113,'project',138),(657,'2015-08-10 16:32:51','127.0.0.1',34,4,113,'com.cebedo.pmsys.enums.TaskStatus',-1),(658,'2015-08-10 16:32:56','127.0.0.1',34,4,114,'project',-1),(659,'2015-08-10 16:32:57','127.0.0.1',34,4,114,'project',138),(660,'2015-08-10 16:32:57','127.0.0.1',34,4,114,'staff',-1),(661,'2015-08-10 16:32:57','127.0.0.1',34,4,114,'estimationoutput',-1),(662,'2015-08-10 16:32:58','127.0.0.1',34,4,114,'project',138),(663,'2015-08-10 16:32:58','127.0.0.1',34,4,114,'payroll',-1),(664,'2015-08-10 16:32:58','127.0.0.1',34,4,114,'project',138),(665,'2015-08-10 16:32:58','127.0.0.1',34,4,114,'staff',-1),(666,'2015-08-10 16:32:58','127.0.0.1',34,4,114,'project',138),(667,'2015-08-10 16:32:58','127.0.0.1',34,4,114,'material',-1),(668,'2015-08-10 16:32:58','127.0.0.1',34,4,114,'project',138),(669,'2015-08-10 16:32:58','127.0.0.1',34,4,114,'delivery',-1),(670,'2015-08-10 16:32:58','127.0.0.1',34,4,110,'projectAux',-1),(671,'2015-08-10 16:32:58','127.0.0.1',34,4,114,'project',138),(672,'2015-08-10 16:32:58','127.0.0.1',34,4,112,'project',138),(673,'2015-08-10 16:32:58','127.0.0.1',34,4,114,'pullout',-1),(674,'2015-08-10 16:32:58','127.0.0.1',34,4,112,'com.cebedo.pmsys.bean.CalendarEventBean',-1),(675,'2015-08-10 16:32:58','127.0.0.1',34,4,112,'project',138),(676,'2015-08-10 16:32:58','127.0.0.1',34,4,112,'com.cebedo.pmsys.bean.GanttBean',-1),(677,'2015-08-10 16:32:58','127.0.0.1',34,4,113,'project',138),(678,'2015-08-10 16:32:58','127.0.0.1',34,4,113,'com.cebedo.pmsys.model.Milestone',-1),(679,'2015-08-10 16:32:58','127.0.0.1',34,4,113,'project',138),(680,'2015-08-10 16:32:58','127.0.0.1',34,4,113,'com.cebedo.pmsys.enums.TaskStatus',-1),(681,'2015-08-10 16:34:28','127.0.0.1',34,4,114,'project',138),(682,'2015-08-10 16:34:28','127.0.0.1',34,4,114,'staff',-1),(683,'2015-08-10 16:34:28','127.0.0.1',34,4,114,'estimationoutput',-1),(684,'2015-08-10 16:34:28','127.0.0.1',34,4,114,'project',138),(685,'2015-08-10 16:34:28','127.0.0.1',34,4,114,'payroll',-1),(686,'2015-08-10 16:34:28','127.0.0.1',34,4,114,'project',138),(687,'2015-08-10 16:34:28','127.0.0.1',34,4,114,'staff',-1),(688,'2015-08-10 16:34:28','127.0.0.1',34,4,114,'project',138),(689,'2015-08-10 16:34:28','127.0.0.1',34,4,114,'material',-1),(690,'2015-08-10 16:34:28','127.0.0.1',34,4,114,'project',138),(691,'2015-08-10 16:34:28','127.0.0.1',34,4,114,'delivery',-1),(692,'2015-08-10 16:34:28','127.0.0.1',34,4,110,'projectAux',-1),(693,'2015-08-10 16:34:28','127.0.0.1',34,4,114,'project',138),(694,'2015-08-10 16:34:28','127.0.0.1',34,4,114,'pullout',-1),(695,'2015-08-10 16:34:29','127.0.0.1',34,4,112,'project',138),(696,'2015-08-10 16:34:29','127.0.0.1',34,4,112,'com.cebedo.pmsys.bean.CalendarEventBean',-1),(697,'2015-08-10 16:34:29','127.0.0.1',34,4,112,'project',138),(698,'2015-08-10 16:34:29','127.0.0.1',34,4,112,'com.cebedo.pmsys.bean.GanttBean',-1),(699,'2015-08-10 16:34:29','127.0.0.1',34,4,113,'project',138),(700,'2015-08-10 16:34:29','127.0.0.1',34,4,113,'com.cebedo.pmsys.model.Milestone',-1),(701,'2015-08-10 16:34:29','127.0.0.1',34,4,113,'project',138),(702,'2015-08-10 16:34:29','127.0.0.1',34,4,113,'com.cebedo.pmsys.enums.TaskStatus',-1),(703,'2015-08-10 16:34:37','127.0.0.1',34,4,114,'project',138),(704,'2015-08-10 16:34:37','127.0.0.1',34,4,114,'staff',-1),(705,'2015-08-10 16:34:37','127.0.0.1',34,4,114,'estimationoutput',-1),(706,'2015-08-10 16:34:38','127.0.0.1',34,4,114,'project',138),(707,'2015-08-10 16:34:38','127.0.0.1',34,4,114,'payroll',-1),(708,'2015-08-10 16:34:38','127.0.0.1',34,4,114,'project',138),(709,'2015-08-10 16:34:38','127.0.0.1',34,4,114,'staff',-1),(710,'2015-08-10 16:34:38','127.0.0.1',34,4,114,'project',138),(711,'2015-08-10 16:34:38','127.0.0.1',34,4,114,'material',-1),(712,'2015-08-10 16:34:38','127.0.0.1',34,4,114,'project',138),(713,'2015-08-10 16:34:38','127.0.0.1',34,4,114,'delivery',-1),(714,'2015-08-10 16:34:38','127.0.0.1',34,4,114,'project',138),(715,'2015-08-10 16:34:38','127.0.0.1',34,4,110,'projectAux',-1),(716,'2015-08-10 16:34:38','127.0.0.1',34,4,114,'pullout',-1),(717,'2015-08-10 16:34:38','127.0.0.1',34,4,112,'project',138),(718,'2015-08-10 16:34:39','127.0.0.1',34,4,112,'com.cebedo.pmsys.bean.CalendarEventBean',-1),(719,'2015-08-10 16:34:39','127.0.0.1',34,4,112,'project',138),(720,'2015-08-10 16:34:39','127.0.0.1',34,4,112,'com.cebedo.pmsys.bean.GanttBean',-1),(721,'2015-08-10 16:34:39','127.0.0.1',34,4,113,'project',138),(722,'2015-08-10 16:34:39','127.0.0.1',34,4,113,'project',138),(723,'2015-08-10 16:34:39','127.0.0.1',34,4,113,'com.cebedo.pmsys.model.Milestone',-1),(724,'2015-08-10 16:34:39','127.0.0.1',34,4,113,'com.cebedo.pmsys.enums.TaskStatus',-1),(725,'2015-08-10 16:34:56','127.0.0.1',34,4,114,'project',138),(726,'2015-08-10 16:34:56','127.0.0.1',34,4,114,'staff',-1),(727,'2015-08-10 16:34:56','127.0.0.1',34,4,114,'estimationoutput',-1),(728,'2015-08-10 16:34:57','127.0.0.1',34,4,114,'project',138),(729,'2015-08-10 16:34:57','127.0.0.1',34,4,114,'project',138),(730,'2015-08-10 16:34:57','127.0.0.1',34,4,114,'staff',-1),(731,'2015-08-10 16:34:57','127.0.0.1',34,4,114,'payroll',-1),(732,'2015-08-10 16:34:57','127.0.0.1',34,4,114,'project',138),(733,'2015-08-10 16:34:57','127.0.0.1',34,4,114,'material',-1),(734,'2015-08-10 16:34:58','127.0.0.1',34,4,114,'project',138),(735,'2015-08-10 16:34:58','127.0.0.1',34,4,114,'delivery',-1),(736,'2015-08-10 16:34:58','127.0.0.1',34,4,110,'projectAux',-1),(737,'2015-08-10 16:34:58','127.0.0.1',34,4,114,'project',138),(738,'2015-08-10 16:34:58','127.0.0.1',34,4,114,'pullout',-1),(739,'2015-08-10 16:34:58','127.0.0.1',34,4,112,'project',138),(740,'2015-08-10 16:34:58','127.0.0.1',34,4,112,'com.cebedo.pmsys.bean.CalendarEventBean',-1),(741,'2015-08-10 16:34:58','127.0.0.1',34,4,112,'project',138),(742,'2015-08-10 16:34:58','127.0.0.1',34,4,112,'com.cebedo.pmsys.bean.GanttBean',-1),(743,'2015-08-10 16:34:59','127.0.0.1',34,4,113,'project',138),(744,'2015-08-10 16:34:59','127.0.0.1',34,4,113,'com.cebedo.pmsys.enums.TaskStatus',-1),(745,'2015-08-10 16:34:59','127.0.0.1',34,4,113,'project',138),(746,'2015-08-10 16:34:59','127.0.0.1',34,4,113,'com.cebedo.pmsys.model.Milestone',-1),(747,'2015-08-10 16:35:04','127.0.0.1',34,4,114,'project',138),(748,'2015-08-10 16:35:04','127.0.0.1',34,4,110,'project',138),(749,'2015-08-10 16:35:04','127.0.0.1',34,4,114,'estimationoutput',-1),(750,'2015-08-10 16:35:04','127.0.0.1',34,4,114,'project',138),(751,'2015-08-10 16:35:04','127.0.0.1',34,4,114,'staff',-1),(752,'2015-08-10 16:35:04','127.0.0.1',34,4,114,'staff',-1),(753,'2015-08-10 16:35:05','127.0.0.1',34,4,114,'project',138),(754,'2015-08-10 16:35:05','127.0.0.1',34,4,114,'delivery',-1),(755,'2015-08-10 16:35:05','127.0.0.1',34,4,114,'project',138),(756,'2015-08-10 16:35:05','127.0.0.1',34,4,114,'payroll',-1),(757,'2015-08-10 16:35:05','127.0.0.1',34,4,114,'project',138),(758,'2015-08-10 16:35:05','127.0.0.1',34,4,114,'pullout',-1),(759,'2015-08-10 16:35:05','127.0.0.1',34,4,114,'project',138),(760,'2015-08-10 16:35:05','127.0.0.1',34,4,114,'material',-1),(761,'2015-08-10 16:35:05','127.0.0.1',34,4,112,'project',138),(762,'2015-08-10 16:35:05','127.0.0.1',34,4,112,'com.cebedo.pmsys.bean.GanttBean',-1),(763,'2015-08-10 16:35:05','127.0.0.1',34,4,110,'projectAux',-1),(764,'2015-08-10 16:35:06','127.0.0.1',34,4,113,'project',138),(765,'2015-08-10 16:35:06','127.0.0.1',34,4,113,'com.cebedo.pmsys.enums.TaskStatus',-1),(766,'2015-08-10 16:35:06','127.0.0.1',34,4,112,'project',138),(767,'2015-08-10 16:35:06','127.0.0.1',34,4,112,'com.cebedo.pmsys.bean.CalendarEventBean',-1),(768,'2015-08-10 16:35:06','127.0.0.1',34,4,113,'project',138),(769,'2015-08-10 16:35:06','127.0.0.1',34,4,113,'com.cebedo.pmsys.model.Milestone',-1);
/*!40000 ALTER TABLE `audit_logs` ENABLE KEYS */;
UNLOCK TABLES;

--
-- Table structure for table `companies`
--

DROP TABLE IF EXISTS `companies`;
/*!40101 SET @saved_cs_client     = @@character_set_client */;
/*!40101 SET character_set_client = utf8 */;
CREATE TABLE `companies` (
  `company_id` bigint(20) NOT NULL AUTO_INCREMENT,
  `name` varchar(64) NOT NULL,
  `description` varchar(255) DEFAULT NULL,
  `date_started` datetime NOT NULL,
  `date_expiration` datetime NOT NULL,
  PRIMARY KEY (`company_id`)
) ENGINE=InnoDB AUTO_INCREMENT=5 DEFAULT CHARSET=latin1;
/*!40101 SET character_set_client = @saved_cs_client */;

--
-- Dumping data for table `companies`
--

LOCK TABLES `companies` WRITE;
/*!40000 ALTER TABLE `companies` DISABLE KEYS */;
INSERT INTO `companies` VALUES (4,'VCC Construction','This is a demo company.','2014-01-01 00:00:00','2020-01-01 00:00:00');
/*!40000 ALTER TABLE `companies` ENABLE KEYS */;
UNLOCK TABLES;

--
-- Table structure for table `deliveries`
--

DROP TABLE IF EXISTS `deliveries`;
/*!40101 SET @saved_cs_client     = @@character_set_client */;
/*!40101 SET character_set_client = utf8 */;
CREATE TABLE `deliveries` (
  `delivery_id` bigint(20) NOT NULL AUTO_INCREMENT,
  `name` varchar(32) NOT NULL,
  `description` varchar(255) DEFAULT NULL,
  `datetime` datetime NOT NULL,
  `project_id` bigint(20) NOT NULL,
  `company_id` bigint(20) DEFAULT NULL,
  `storage_id` bigint(20) DEFAULT NULL,
  PRIMARY KEY (`delivery_id`),
  KEY `FK_deliveries_project` (`project_id`),
  KEY `FK_deliveries_company` (`company_id`),
  KEY `FK_deliveries_storages` (`storage_id`)
) ENGINE=InnoDB DEFAULT CHARSET=latin1;
/*!40101 SET character_set_client = @saved_cs_client */;

--
-- Dumping data for table `deliveries`
--

LOCK TABLES `deliveries` WRITE;
/*!40000 ALTER TABLE `deliveries` DISABLE KEYS */;
/*!40000 ALTER TABLE `deliveries` ENABLE KEYS */;
UNLOCK TABLES;

--
-- Table structure for table `expenses`
--

DROP TABLE IF EXISTS `expenses`;
/*!40101 SET @saved_cs_client     = @@character_set_client */;
/*!40101 SET character_set_client = utf8 */;
CREATE TABLE `expenses` (
  `expense_id` bigint(20) NOT NULL AUTO_INCREMENT,
  `name` varchar(32) NOT NULL,
  `description` varchar(255) DEFAULT NULL,
  `value` double NOT NULL DEFAULT '0',
  `datetime` datetime NOT NULL,
  `task_id` bigint(20) DEFAULT NULL,
  `project_id` bigint(20) DEFAULT NULL,
  `company_id` bigint(20) DEFAULT NULL,
  `staff_id` bigint(20) DEFAULT NULL,
  `team_id` bigint(20) DEFAULT NULL,
  `delivery_id` bigint(20) DEFAULT NULL,
  `material_id` bigint(20) DEFAULT NULL,
  `milestone_id` bigint(20) DEFAULT NULL,
  `reminder_id` bigint(20) DEFAULT NULL,
  `storage_id` bigint(20) DEFAULT NULL,
  `supplier_id` bigint(20) DEFAULT NULL,
  PRIMARY KEY (`expense_id`),
  KEY `FK_expenses_companies` (`company_id`),
  KEY `FK_expenses_deliveries` (`delivery_id`),
  KEY `FK_expenses_materials` (`material_id`),
  KEY `FK_expenses_milestones` (`milestone_id`),
  KEY `FK_expenses_projects` (`project_id`),
  KEY `FK_expenses_reminders` (`reminder_id`),
  KEY `FK_expenses_staff` (`staff_id`),
  KEY `FK_expenses_storages` (`storage_id`),
  KEY `FK_expenses_suppliers` (`supplier_id`),
  KEY `FK_expenses_tasks` (`task_id`),
  CONSTRAINT `FK_expenses_companies` FOREIGN KEY (`company_id`) REFERENCES `companies` (`company_id`),
  CONSTRAINT `FK_expenses_deliveries` FOREIGN KEY (`delivery_id`) REFERENCES `deliveries` (`delivery_id`),
  CONSTRAINT `FK_expenses_materials` FOREIGN KEY (`material_id`) REFERENCES `materials` (`material_id`),
  CONSTRAINT `FK_expenses_milestones` FOREIGN KEY (`milestone_id`) REFERENCES `milestones` (`milestone_id`),
  CONSTRAINT `FK_expenses_projects` FOREIGN KEY (`project_id`) REFERENCES `projects` (`project_id`),
  CONSTRAINT `FK_expenses_reminders` FOREIGN KEY (`reminder_id`) REFERENCES `reminders` (`reminder_id`),
  CONSTRAINT `FK_expenses_staff` FOREIGN KEY (`staff_id`) REFERENCES `staff` (`staff_id`),
  CONSTRAINT `FK_expenses_storages` FOREIGN KEY (`storage_id`) REFERENCES `storages` (`storage_id`),
  CONSTRAINT `FK_expenses_suppliers` FOREIGN KEY (`supplier_id`) REFERENCES `suppliers` (`supplier_id`),
  CONSTRAINT `FK_expenses_tasks` FOREIGN KEY (`task_id`) REFERENCES `tasks` (`task_id`)
) ENGINE=InnoDB DEFAULT CHARSET=latin1;
/*!40101 SET character_set_client = @saved_cs_client */;

--
-- Dumping data for table `expenses`
--

LOCK TABLES `expenses` WRITE;
/*!40000 ALTER TABLE `expenses` DISABLE KEYS */;
/*!40000 ALTER TABLE `expenses` ENABLE KEYS */;
UNLOCK TABLES;

--
-- Table structure for table `fields`
--

DROP TABLE IF EXISTS `fields`;
/*!40101 SET @saved_cs_client     = @@character_set_client */;
/*!40101 SET character_set_client = utf8 */;
CREATE TABLE `fields` (
  `field_id` bigint(20) NOT NULL AUTO_INCREMENT,
  `name` varchar(32) NOT NULL,
  PRIMARY KEY (`field_id`),
  UNIQUE KEY `name` (`name`)
) ENGINE=InnoDB AUTO_INCREMENT=2 DEFAULT CHARSET=latin1;
/*!40101 SET character_set_client = @saved_cs_client */;

--
-- Dumping data for table `fields`
--

LOCK TABLES `fields` WRITE;
/*!40000 ALTER TABLE `fields` DISABLE KEYS */;
INSERT INTO `fields` VALUES (1,'Textfield');
/*!40000 ALTER TABLE `fields` ENABLE KEYS */;
UNLOCK TABLES;

--
-- Table structure for table `materials`
--

DROP TABLE IF EXISTS `materials`;
/*!40101 SET @saved_cs_client     = @@character_set_client */;
/*!40101 SET character_set_client = utf8 */;
CREATE TABLE `materials` (
  `material_id` bigint(20) NOT NULL AUTO_INCREMENT,
  `name` varchar(32) NOT NULL,
  `description` varchar(255) DEFAULT NULL,
  `price` double NOT NULL DEFAULT '0',
  `purchase_datetime` datetime NOT NULL,
  `status` int(2) NOT NULL,
  `supplier_id` bigint(20) DEFAULT NULL,
  `delivery_id` bigint(20) DEFAULT NULL,
  `storage_id` bigint(20) DEFAULT NULL,
  `project_id` bigint(20) DEFAULT NULL,
  `task_id` bigint(20) DEFAULT NULL,
  `company_id` bigint(20) DEFAULT NULL,
  PRIMARY KEY (`material_id`),
  KEY `FK_materials_suppliers` (`supplier_id`),
  KEY `FK_materials_deliveries` (`delivery_id`),
  KEY `FK_materials_storages` (`storage_id`),
  KEY `FK_materials_projects` (`project_id`),
  KEY `FK_materials_tasks` (`task_id`),
  KEY `FK_materials_companies` (`company_id`),
  CONSTRAINT `FK_materials_companies` FOREIGN KEY (`company_id`) REFERENCES `companies` (`company_id`),
  CONSTRAINT `FK_materials_deliveries` FOREIGN KEY (`delivery_id`) REFERENCES `deliveries` (`delivery_id`),
  CONSTRAINT `FK_materials_projects` FOREIGN KEY (`project_id`) REFERENCES `projects` (`project_id`),
  CONSTRAINT `FK_materials_storages` FOREIGN KEY (`storage_id`) REFERENCES `storages` (`storage_id`),
  CONSTRAINT `FK_materials_suppliers` FOREIGN KEY (`supplier_id`) REFERENCES `suppliers` (`supplier_id`),
  CONSTRAINT `FK_materials_tasks` FOREIGN KEY (`task_id`) REFERENCES `tasks` (`task_id`)
) ENGINE=InnoDB DEFAULT CHARSET=latin1;
/*!40101 SET character_set_client = @saved_cs_client */;

--
-- Dumping data for table `materials`
--

LOCK TABLES `materials` WRITE;
/*!40000 ALTER TABLE `materials` DISABLE KEYS */;
/*!40000 ALTER TABLE `materials` ENABLE KEYS */;
UNLOCK TABLES;

--
-- Table structure for table `milestones`
--

DROP TABLE IF EXISTS `milestones`;
/*!40101 SET @saved_cs_client     = @@character_set_client */;
/*!40101 SET character_set_client = utf8 */;
CREATE TABLE `milestones` (
  `milestone_id` bigint(20) NOT NULL AUTO_INCREMENT,
  `name` varchar(32) NOT NULL,
  `description` varchar(255) DEFAULT NULL,
  `project_id` bigint(20) NOT NULL,
  `company_id` bigint(20) NOT NULL,
  PRIMARY KEY (`milestone_id`),
  KEY `FK_milestones_projects` (`project_id`),
  KEY `FK_milestones_companies` (`company_id`),
  CONSTRAINT `FK_milestones_companies` FOREIGN KEY (`company_id`) REFERENCES `companies` (`company_id`),
  CONSTRAINT `FK_milestones_projects` FOREIGN KEY (`project_id`) REFERENCES `projects` (`project_id`)
) ENGINE=InnoDB DEFAULT CHARSET=latin1;
/*!40101 SET character_set_client = @saved_cs_client */;

--
-- Dumping data for table `milestones`
--

LOCK TABLES `milestones` WRITE;
/*!40000 ALTER TABLE `milestones` DISABLE KEYS */;
/*!40000 ALTER TABLE `milestones` ENABLE KEYS */;
UNLOCK TABLES;

--
-- Table structure for table `photos`
--

DROP TABLE IF EXISTS `photos`;
/*!40101 SET @saved_cs_client     = @@character_set_client */;
/*!40101 SET character_set_client = utf8 */;
CREATE TABLE `photos` (
  `photo_id` bigint(20) NOT NULL AUTO_INCREMENT,
  `name` varchar(32) NOT NULL,
  `description` varchar(255) DEFAULT NULL,
  `size` bigint(20) NOT NULL,
  `location` varchar(255) NOT NULL,
  `staff_id` bigint(20) DEFAULT NULL,
  `project_id` bigint(20) DEFAULT NULL,
  `date_uploaded` datetime NOT NULL,
  `company_id` bigint(20) DEFAULT NULL,
  PRIMARY KEY (`photo_id`)
) ENGINE=InnoDB DEFAULT CHARSET=latin1;
/*!40101 SET character_set_client = @saved_cs_client */;

--
-- Dumping data for table `photos`
--

LOCK TABLES `photos` WRITE;
/*!40000 ALTER TABLE `photos` DISABLE KEYS */;
/*!40000 ALTER TABLE `photos` ENABLE KEYS */;
UNLOCK TABLES;

--
-- Table structure for table `project_files`
--

DROP TABLE IF EXISTS `project_files`;
/*!40101 SET @saved_cs_client     = @@character_set_client */;
/*!40101 SET character_set_client = utf8 */;
CREATE TABLE `project_files` (
  `projectfile_id` bigint(20) NOT NULL AUTO_INCREMENT,
  `name` varchar(32) NOT NULL,
  `description` varchar(255) DEFAULT NULL,
  `size` bigint(20) NOT NULL,
  `location` varchar(255) NOT NULL,
  `staff_id` bigint(20) DEFAULT NULL,
  `project_id` bigint(20) DEFAULT NULL,
  `date_uploaded` datetime NOT NULL,
  `company_id` bigint(20) DEFAULT NULL,
  PRIMARY KEY (`projectfile_id`),
  KEY `FK_project_files` (`project_id`),
  KEY `FK_project_files_company` (`company_id`),
  KEY `FK_staff_files` (`staff_id`),
  CONSTRAINT `FK_project_files` FOREIGN KEY (`project_id`) REFERENCES `projects` (`project_id`),
  CONSTRAINT `FK_project_files_company` FOREIGN KEY (`company_id`) REFERENCES `companies` (`company_id`),
  CONSTRAINT `FK_staff_files` FOREIGN KEY (`staff_id`) REFERENCES `staff` (`staff_id`)
) ENGINE=InnoDB DEFAULT CHARSET=latin1;
/*!40101 SET character_set_client = @saved_cs_client */;

--
-- Dumping data for table `project_files`
--

LOCK TABLES `project_files` WRITE;
/*!40000 ALTER TABLE `project_files` DISABLE KEYS */;
/*!40000 ALTER TABLE `project_files` ENABLE KEYS */;
UNLOCK TABLES;

--
-- Table structure for table `projects`
--

DROP TABLE IF EXISTS `projects`;
/*!40101 SET @saved_cs_client     = @@character_set_client */;
/*!40101 SET character_set_client = utf8 */;
CREATE TABLE `projects` (
  `project_id` bigint(20) NOT NULL AUTO_INCREMENT,
  `thumbnail_url` varchar(255) DEFAULT NULL,
  `name` varchar(32) NOT NULL,
  `type` int(2) NOT NULL,
  `status` int(2) NOT NULL,
  `location` varchar(108) DEFAULT NULL,
  `notes` text,
  `company_id` bigint(20) DEFAULT NULL,
  PRIMARY KEY (`project_id`),
  KEY `FK_projects_company` (`company_id`),
  CONSTRAINT `FK_projects_company` FOREIGN KEY (`company_id`) REFERENCES `companies` (`company_id`)
) ENGINE=InnoDB AUTO_INCREMENT=139 DEFAULT CHARSET=latin1;
/*!40101 SET character_set_client = @saved_cs_client */;

--
-- Dumping data for table `projects`
--

LOCK TABLES `projects` WRITE;
/*!40000 ALTER TABLE `projects` DISABLE KEYS */;
INSERT INTO `projects` VALUES (138,NULL,'Test',0,0,'','',4);
/*!40000 ALTER TABLE `projects` ENABLE KEYS */;
UNLOCK TABLES;

--
-- Table structure for table `reminders`
--

DROP TABLE IF EXISTS `reminders`;
/*!40101 SET @saved_cs_client     = @@character_set_client */;
/*!40101 SET character_set_client = utf8 */;
CREATE TABLE `reminders` (
  `reminder_id` bigint(20) NOT NULL AUTO_INCREMENT,
  `title` varchar(32) NOT NULL,
  `content` varchar(255) DEFAULT NULL,
  `datetime` datetime NOT NULL,
  `project_id` bigint(20) NOT NULL,
  `company_id` bigint(20) DEFAULT NULL,
  PRIMARY KEY (`reminder_id`),
  KEY `FK_reminders_projects` (`project_id`),
  KEY `FK_reminders_companies` (`company_id`),
  CONSTRAINT `FK_reminders_companies` FOREIGN KEY (`company_id`) REFERENCES `companies` (`company_id`),
  CONSTRAINT `FK_reminders_projects` FOREIGN KEY (`project_id`) REFERENCES `projects` (`project_id`)
) ENGINE=InnoDB DEFAULT CHARSET=latin1;
/*!40101 SET character_set_client = @saved_cs_client */;

--
-- Dumping data for table `reminders`
--

LOCK TABLES `reminders` WRITE;
/*!40000 ALTER TABLE `reminders` DISABLE KEYS */;
/*!40000 ALTER TABLE `reminders` ENABLE KEYS */;
UNLOCK TABLES;

--
-- Table structure for table `security_access`
--

DROP TABLE IF EXISTS `security_access`;
/*!40101 SET @saved_cs_client     = @@character_set_client */;
/*!40101 SET character_set_client = utf8 */;
CREATE TABLE `security_access` (
  `securityaccess_id` bigint(20) NOT NULL AUTO_INCREMENT,
  `name` varchar(32) NOT NULL,
  `label` varchar(32) NOT NULL,
  PRIMARY KEY (`securityaccess_id`,`name`),
  UNIQUE KEY `securitygroup_id` (`securityaccess_id`)
) ENGINE=InnoDB AUTO_INCREMENT=23 DEFAULT CHARSET=latin1;
/*!40101 SET character_set_client = @saved_cs_client */;

--
-- Dumping data for table `security_access`
--

LOCK TABLES `security_access` WRITE;
/*!40000 ALTER TABLE `security_access` DISABLE KEYS */;
INSERT INTO `security_access` VALUES (12,'ACCESS_COMPANY','Company'),(13,'ACCESS_FIELD','Field'),(14,'ACCESS_PHOTO','Photo'),(15,'ACCESS_PROJECT','Project'),(16,'ACCESS_PROJECTFILE','Project File'),(17,'ACCESS_STAFF','Staff'),(18,'ACCESS_TASK','Task'),(19,'ACCESS_TEAM','Team'),(20,'ACCESS_SYSTEMUSER','System User'),(21,'ACCESS_CONFIG','Config'),(22,'ACCESS_LOG','Log');
/*!40000 ALTER TABLE `security_access` ENABLE KEYS */;
UNLOCK TABLES;

--
-- Table structure for table `security_roles`
--

DROP TABLE IF EXISTS `security_roles`;
/*!40101 SET @saved_cs_client     = @@character_set_client */;
/*!40101 SET character_set_client = utf8 */;
CREATE TABLE `security_roles` (
  `securityrole_id` bigint(20) NOT NULL AUTO_INCREMENT,
  `name` varchar(32) NOT NULL,
  `label` varchar(32) NOT NULL,
  PRIMARY KEY (`securityrole_id`,`name`)
) ENGINE=InnoDB AUTO_INCREMENT=21 DEFAULT CHARSET=latin1;
/*!40101 SET character_set_client = @saved_cs_client */;

--
-- Dumping data for table `security_roles`
--

LOCK TABLES `security_roles` WRITE;
/*!40000 ALTER TABLE `security_roles` DISABLE KEYS */;
INSERT INTO `security_roles` VALUES (11,'ROLE_FIELD_EDITOR','Field Editor'),(12,'ROLE_TASK_EDITOR','Task Editor'),(13,'ROLE_PROJECT_EDITOR','Project Editor'),(14,'ROLE_STAFF_EDITOR','Staff Editor'),(15,'ROLE_PHOTO_EDITOR','Photo Editor'),(16,'ROLE_PROJECTFILE_EDITOR','Project File Editor'),(17,'ROLE_TEAM_EDITOR','Team Editor'),(18,'ROLE_CONFIG_EDITOR','Config Editor'),(19,'ROLE_SYSTEMUSER_EDITOR','System User Editor'),(20,'ROLE_LOG_EDITOR','Log Editor');
/*!40000 ALTER TABLE `security_roles` ENABLE KEYS */;
UNLOCK TABLES;

--
-- Table structure for table `staff`
--

DROP TABLE IF EXISTS `staff`;
/*!40101 SET @saved_cs_client     = @@character_set_client */;
/*!40101 SET character_set_client = utf8 */;
CREATE TABLE `staff` (
  `staff_id` bigint(20) NOT NULL AUTO_INCREMENT,
  `thumbnail_url` varchar(255) DEFAULT NULL,
  `name_prefix` varchar(8) NOT NULL,
  `name_first` varchar(32) NOT NULL,
  `name_middle` varchar(16) NOT NULL,
  `name_last` varchar(16) NOT NULL,
  `name_suffix` varchar(8) NOT NULL,
  `position` varchar(32) DEFAULT NULL,
  `email` varchar(32) DEFAULT NULL,
  `contact_number` varchar(32) DEFAULT NULL,
  `company_id` bigint(20) DEFAULT NULL,
  `wage` double NOT NULL DEFAULT '0',
  PRIMARY KEY (`staff_id`),
  KEY `FK_staff_company` (`company_id`),
  CONSTRAINT `FK_staff_company` FOREIGN KEY (`company_id`) REFERENCES `companies` (`company_id`)
) ENGINE=InnoDB AUTO_INCREMENT=93 DEFAULT CHARSET=latin1;
/*!40101 SET character_set_client = @saved_cs_client */;

--
-- Dumping data for table `staff`
--

LOCK TABLES `staff` WRITE;
/*!40000 ALTER TABLE `staff` DISABLE KEYS */;
INSERT INTO `staff` VALUES (62,NULL,'Engr.','John','Dane','Doe','Jr.','Snr. Management Staff','test@gmail.com','0922 611 0429',4,350),(63,NULL,'','Anna','Adaza','de la Cruz','','QA','test@gmail.com','0922 611 0429',4,500),(64,NULL,'1','121','212','2','12','21','test@gmail.com','0922 611 0429',4,1000),(65,NULL,'QA','QA','QA','QA','QA','QA','test@gmail.com','0922 611 0429',4,400),(66,NULL,'man','man','man','man','man','manpower getter','test@gmail.com','0922 611 0429',4,600),(67,NULL,'w','w','w','w','w','w','test@gmail.com','0922 611 0429',4,600),(68,NULL,'kk','kk','kk','k','k','k','test@gmail.com','0922 611 0429',4,450),(79,NULL,'','Vic','Castillo','Cebedo','II','Test','cebedo.vii@gmail.com','9.226110429E9',4,500),(80,NULL,'','Smith','Johnson','Williams','','Test','cebedo.vii@gmail.com','9.226110429E9',4,400),(81,NULL,'','Williams','Smith','Johnson','','Test',NULL,NULL,4,300),(82,NULL,'','Johnson','Smith','Williams','','Test',NULL,NULL,4,350),(89,NULL,'Engr.','Bob','Marley','Lannister','','Test','cebedo.vii@gmail.com','9.226110429E9',4,350),(90,NULL,'Dr.','Erlang','Churva','Looo','III','Test','cebedo.vii@gmail.com','9.226110429E9',4,350),(91,NULL,'-1','','','','','','','',4,0),(92,NULL,'','','','','',NULL,NULL,NULL,4,0);
/*!40000 ALTER TABLE `staff` ENABLE KEYS */;
UNLOCK TABLES;

--
-- Table structure for table `storages`
--

DROP TABLE IF EXISTS `storages`;
/*!40101 SET @saved_cs_client     = @@character_set_client */;
/*!40101 SET character_set_client = utf8 */;
CREATE TABLE `storages` (
  `storage_id` bigint(20) NOT NULL AUTO_INCREMENT,
  `name` varchar(32) NOT NULL,
  `location` varchar(255) NOT NULL,
  `description` varchar(255) DEFAULT NULL,
  `company_id` bigint(20) DEFAULT NULL,
  PRIMARY KEY (`storage_id`),
  KEY `FK_storages_companies` (`company_id`),
  CONSTRAINT `FK_storages_companies` FOREIGN KEY (`company_id`) REFERENCES `companies` (`company_id`)
) ENGINE=InnoDB DEFAULT CHARSET=latin1;
/*!40101 SET character_set_client = @saved_cs_client */;

--
-- Dumping data for table `storages`
--

LOCK TABLES `storages` WRITE;
/*!40000 ALTER TABLE `storages` DISABLE KEYS */;
/*!40000 ALTER TABLE `storages` ENABLE KEYS */;
UNLOCK TABLES;

--
-- Table structure for table `suppliers`
--

DROP TABLE IF EXISTS `suppliers`;
/*!40101 SET @saved_cs_client     = @@character_set_client */;
/*!40101 SET character_set_client = utf8 */;
CREATE TABLE `suppliers` (
  `supplier_id` bigint(20) NOT NULL AUTO_INCREMENT,
  `name` varchar(32) NOT NULL,
  `description` varchar(255) DEFAULT NULL,
  `company_id` bigint(20) DEFAULT NULL,
  PRIMARY KEY (`supplier_id`),
  KEY `FK_suppliers_companies` (`company_id`),
  CONSTRAINT `FK_suppliers_companies` FOREIGN KEY (`company_id`) REFERENCES `companies` (`company_id`)
) ENGINE=InnoDB DEFAULT CHARSET=latin1;
/*!40101 SET character_set_client = @saved_cs_client */;

--
-- Dumping data for table `suppliers`
--

LOCK TABLES `suppliers` WRITE;
/*!40000 ALTER TABLE `suppliers` DISABLE KEYS */;
/*!40000 ALTER TABLE `suppliers` ENABLE KEYS */;
UNLOCK TABLES;

--
-- Table structure for table `system_configuration`
--

DROP TABLE IF EXISTS `system_configuration`;
/*!40101 SET @saved_cs_client     = @@character_set_client */;
/*!40101 SET character_set_client = utf8 */;
CREATE TABLE `system_configuration` (
  `sysconf_id` bigint(20) NOT NULL AUTO_INCREMENT,
  `name` varchar(32) NOT NULL,
  `value` varchar(255) DEFAULT NULL,
  `company_id` bigint(20) DEFAULT NULL,
  PRIMARY KEY (`sysconf_id`),
  UNIQUE KEY `name` (`name`),
  KEY `FK_system_configuration_company` (`company_id`),
  CONSTRAINT `FK_system_configuration_company` FOREIGN KEY (`company_id`) REFERENCES `companies` (`company_id`)
) ENGINE=InnoDB AUTO_INCREMENT=5 DEFAULT CHARSET=latin1;
/*!40101 SET character_set_client = @saved_cs_client */;

--
-- Dumping data for table `system_configuration`
--

LOCK TABLES `system_configuration` WRITE;
/*!40000 ALTER TABLE `system_configuration` DISABLE KEYS */;
INSERT INTO `system_configuration` VALUES (3,'SYS_HOME','C:/vcc/sys/',NULL),(4,'ROOT_INIT','1',NULL);
/*!40000 ALTER TABLE `system_configuration` ENABLE KEYS */;
UNLOCK TABLES;

--
-- Table structure for table `system_users`
--

DROP TABLE IF EXISTS `system_users`;
/*!40101 SET @saved_cs_client     = @@character_set_client */;
/*!40101 SET character_set_client = utf8 */;
CREATE TABLE `system_users` (
  `user_id` bigint(20) NOT NULL AUTO_INCREMENT,
  `username` varchar(32) NOT NULL,
  `password` varchar(255) NOT NULL,
  `super_admin` tinyint(1) NOT NULL DEFAULT '0',
  `company_id` bigint(20) DEFAULT NULL,
  `staff_id` bigint(20) DEFAULT NULL,
  `company_admin` tinyint(1) NOT NULL DEFAULT '0',
  `login_attempts` int(2) NOT NULL DEFAULT '0',
  PRIMARY KEY (`user_id`),
  KEY `FK_system_users_company` (`company_id`),
  KEY `FK_system_users_staff` (`staff_id`),
  CONSTRAINT `FK_system_users_company` FOREIGN KEY (`company_id`) REFERENCES `companies` (`company_id`),
  CONSTRAINT `FK_system_users_staff` FOREIGN KEY (`staff_id`) REFERENCES `staff` (`staff_id`)
) ENGINE=InnoDB AUTO_INCREMENT=176 DEFAULT CHARSET=latin1;
/*!40101 SET character_set_client = @saved_cs_client */;

--
-- Dumping data for table `system_users`
--

LOCK TABLES `system_users` WRITE;
/*!40000 ALTER TABLE `system_users` DISABLE KEYS */;
INSERT INTO `system_users` VALUES (32,'root2','691b0eec514f5033ebdb6b6144aa016a',1,NULL,NULL,0,1),(34,'com_admin1','2f3d253e456b75b2686dfb72a500aa0b',0,4,62,1,0),(35,'root','691b0eec514f5033ebdb6b6144aa016a',1,NULL,NULL,0,0),(36,'root','691b0eec514f5033ebdb6b6144aa016a',1,NULL,NULL,0,0),(37,'root','691b0eec514f5033ebdb6b6144aa016a',1,NULL,NULL,0,0),(38,'root','691b0eec514f5033ebdb6b6144aa016a',1,NULL,NULL,0,0),(39,'root','691b0eec514f5033ebdb6b6144aa016a',1,NULL,NULL,0,0),(40,'root','691b0eec514f5033ebdb6b6144aa016a',1,NULL,NULL,0,0),(41,'root','691b0eec514f5033ebdb6b6144aa016a',1,NULL,NULL,0,0),(42,'root','691b0eec514f5033ebdb6b6144aa016a',1,NULL,NULL,0,0),(43,'root','691b0eec514f5033ebdb6b6144aa016a',1,NULL,NULL,0,0),(44,'root','691b0eec514f5033ebdb6b6144aa016a',1,NULL,NULL,0,0),(45,'root','691b0eec514f5033ebdb6b6144aa016a',1,NULL,NULL,0,0),(46,'root','691b0eec514f5033ebdb6b6144aa016a',1,NULL,NULL,0,0),(47,'root','691b0eec514f5033ebdb6b6144aa016a',1,NULL,NULL,0,0),(48,'root','691b0eec514f5033ebdb6b6144aa016a',1,NULL,NULL,0,0),(49,'root','691b0eec514f5033ebdb6b6144aa016a',1,NULL,NULL,0,0),(50,'root','691b0eec514f5033ebdb6b6144aa016a',1,NULL,NULL,0,0),(51,'root','691b0eec514f5033ebdb6b6144aa016a',1,NULL,NULL,0,0),(52,'root','691b0eec514f5033ebdb6b6144aa016a',1,NULL,NULL,0,0),(53,'root','691b0eec514f5033ebdb6b6144aa016a',1,NULL,NULL,0,0),(54,'root','691b0eec514f5033ebdb6b6144aa016a',1,NULL,NULL,0,0),(55,'root','691b0eec514f5033ebdb6b6144aa016a',1,NULL,NULL,0,0),(56,'root','691b0eec514f5033ebdb6b6144aa016a',1,NULL,NULL,0,0),(57,'root','691b0eec514f5033ebdb6b6144aa016a',1,NULL,NULL,0,0),(58,'root','691b0eec514f5033ebdb6b6144aa016a',1,NULL,NULL,0,0),(59,'root','691b0eec514f5033ebdb6b6144aa016a',1,NULL,NULL,0,0),(60,'root','691b0eec514f5033ebdb6b6144aa016a',1,NULL,NULL,0,0),(61,'root','691b0eec514f5033ebdb6b6144aa016a',1,NULL,NULL,0,0),(62,'root','691b0eec514f5033ebdb6b6144aa016a',1,NULL,NULL,0,0),(63,'root','691b0eec514f5033ebdb6b6144aa016a',1,NULL,NULL,0,0),(64,'root','691b0eec514f5033ebdb6b6144aa016a',1,NULL,NULL,0,0),(65,'root','691b0eec514f5033ebdb6b6144aa016a',1,NULL,NULL,0,0),(66,'root','691b0eec514f5033ebdb6b6144aa016a',1,NULL,NULL,0,0),(67,'root','691b0eec514f5033ebdb6b6144aa016a',1,NULL,NULL,0,0),(68,'root','691b0eec514f5033ebdb6b6144aa016a',1,NULL,NULL,0,0),(69,'root','691b0eec514f5033ebdb6b6144aa016a',1,NULL,NULL,0,0),(70,'root','691b0eec514f5033ebdb6b6144aa016a',1,NULL,NULL,0,0),(71,'root','691b0eec514f5033ebdb6b6144aa016a',1,NULL,NULL,0,0),(72,'root','691b0eec514f5033ebdb6b6144aa016a',1,NULL,NULL,0,0),(73,'root','691b0eec514f5033ebdb6b6144aa016a',1,NULL,NULL,0,0),(74,'root','691b0eec514f5033ebdb6b6144aa016a',1,NULL,NULL,0,0),(75,'root','691b0eec514f5033ebdb6b6144aa016a',1,NULL,NULL,0,0),(76,'root','691b0eec514f5033ebdb6b6144aa016a',1,NULL,NULL,0,0),(77,'root','691b0eec514f5033ebdb6b6144aa016a',1,NULL,NULL,0,0),(78,'root','691b0eec514f5033ebdb6b6144aa016a',1,NULL,NULL,0,0),(79,'root','691b0eec514f5033ebdb6b6144aa016a',1,NULL,NULL,0,0),(80,'root','691b0eec514f5033ebdb6b6144aa016a',1,NULL,NULL,0,0),(81,'root','691b0eec514f5033ebdb6b6144aa016a',1,NULL,NULL,0,0),(82,'root','691b0eec514f5033ebdb6b6144aa016a',1,NULL,NULL,0,0),(83,'root','691b0eec514f5033ebdb6b6144aa016a',1,NULL,NULL,0,0),(84,'root','691b0eec514f5033ebdb6b6144aa016a',1,NULL,NULL,0,0),(85,'root','691b0eec514f5033ebdb6b6144aa016a',1,NULL,NULL,0,0),(86,'root','691b0eec514f5033ebdb6b6144aa016a',1,NULL,NULL,0,0),(87,'root','691b0eec514f5033ebdb6b6144aa016a',1,NULL,NULL,0,0),(88,'root','691b0eec514f5033ebdb6b6144aa016a',1,NULL,NULL,0,0),(89,'root','691b0eec514f5033ebdb6b6144aa016a',1,NULL,NULL,0,0),(90,'root','691b0eec514f5033ebdb6b6144aa016a',1,NULL,NULL,0,0),(91,'root','691b0eec514f5033ebdb6b6144aa016a',1,NULL,NULL,0,0),(92,'root','691b0eec514f5033ebdb6b6144aa016a',1,NULL,NULL,0,0),(93,'root','691b0eec514f5033ebdb6b6144aa016a',1,NULL,NULL,0,0),(94,'root','691b0eec514f5033ebdb6b6144aa016a',1,NULL,NULL,0,0),(95,'root','691b0eec514f5033ebdb6b6144aa016a',1,NULL,NULL,0,0),(96,'root','691b0eec514f5033ebdb6b6144aa016a',1,NULL,NULL,0,0),(97,'root','691b0eec514f5033ebdb6b6144aa016a',1,NULL,NULL,0,0),(98,'root','691b0eec514f5033ebdb6b6144aa016a',1,NULL,NULL,0,0),(99,'root','691b0eec514f5033ebdb6b6144aa016a',1,NULL,NULL,0,0),(100,'root','691b0eec514f5033ebdb6b6144aa016a',1,NULL,NULL,0,0),(101,'root','691b0eec514f5033ebdb6b6144aa016a',1,NULL,NULL,0,0),(102,'root','691b0eec514f5033ebdb6b6144aa016a',1,NULL,NULL,0,0),(103,'root','691b0eec514f5033ebdb6b6144aa016a',1,NULL,NULL,0,0),(104,'root','691b0eec514f5033ebdb6b6144aa016a',1,NULL,NULL,0,0),(105,'root','691b0eec514f5033ebdb6b6144aa016a',1,NULL,NULL,0,0),(106,'root','691b0eec514f5033ebdb6b6144aa016a',1,NULL,NULL,0,0),(107,'root','691b0eec514f5033ebdb6b6144aa016a',1,NULL,NULL,0,0),(108,'root','691b0eec514f5033ebdb6b6144aa016a',1,NULL,NULL,0,0),(109,'root','691b0eec514f5033ebdb6b6144aa016a',1,NULL,NULL,0,0),(110,'root','691b0eec514f5033ebdb6b6144aa016a',1,NULL,NULL,0,0),(111,'root','691b0eec514f5033ebdb6b6144aa016a',1,NULL,NULL,0,0),(112,'root','691b0eec514f5033ebdb6b6144aa016a',1,NULL,NULL,0,0),(113,'root','691b0eec514f5033ebdb6b6144aa016a',1,NULL,NULL,0,0),(114,'root','691b0eec514f5033ebdb6b6144aa016a',1,NULL,NULL,0,0),(115,'root','691b0eec514f5033ebdb6b6144aa016a',1,NULL,NULL,0,0),(116,'root','691b0eec514f5033ebdb6b6144aa016a',1,NULL,NULL,0,0),(117,'root','691b0eec514f5033ebdb6b6144aa016a',1,NULL,NULL,0,0),(118,'root','691b0eec514f5033ebdb6b6144aa016a',1,NULL,NULL,0,0),(119,'root','691b0eec514f5033ebdb6b6144aa016a',1,NULL,NULL,0,0),(120,'root','691b0eec514f5033ebdb6b6144aa016a',1,NULL,NULL,0,0),(121,'root','691b0eec514f5033ebdb6b6144aa016a',1,NULL,NULL,0,0),(122,'root','691b0eec514f5033ebdb6b6144aa016a',1,NULL,NULL,0,0),(123,'root','691b0eec514f5033ebdb6b6144aa016a',1,NULL,NULL,0,0),(124,'root','691b0eec514f5033ebdb6b6144aa016a',1,NULL,NULL,0,0),(125,'root','691b0eec514f5033ebdb6b6144aa016a',1,NULL,NULL,0,0),(126,'root','691b0eec514f5033ebdb6b6144aa016a',1,NULL,NULL,0,0),(127,'root','691b0eec514f5033ebdb6b6144aa016a',1,NULL,NULL,0,0),(128,'root','691b0eec514f5033ebdb6b6144aa016a',1,NULL,NULL,0,0),(129,'root','691b0eec514f5033ebdb6b6144aa016a',1,NULL,NULL,0,0),(130,'root','691b0eec514f5033ebdb6b6144aa016a',1,NULL,NULL,0,0),(131,'root','691b0eec514f5033ebdb6b6144aa016a',1,NULL,NULL,0,0),(132,'root','691b0eec514f5033ebdb6b6144aa016a',1,NULL,NULL,0,0),(133,'root','691b0eec514f5033ebdb6b6144aa016a',1,NULL,NULL,0,0),(134,'root','691b0eec514f5033ebdb6b6144aa016a',1,NULL,NULL,0,0),(135,'root','691b0eec514f5033ebdb6b6144aa016a',1,NULL,NULL,0,0),(136,'root','691b0eec514f5033ebdb6b6144aa016a',1,NULL,NULL,0,0),(137,'root','691b0eec514f5033ebdb6b6144aa016a',1,NULL,NULL,0,0),(138,'root','691b0eec514f5033ebdb6b6144aa016a',1,NULL,NULL,0,0),(139,'root','691b0eec514f5033ebdb6b6144aa016a',1,NULL,NULL,0,0),(140,'root','691b0eec514f5033ebdb6b6144aa016a',1,NULL,NULL,0,0),(141,'root','691b0eec514f5033ebdb6b6144aa016a',1,NULL,NULL,0,0),(142,'root','691b0eec514f5033ebdb6b6144aa016a',1,NULL,NULL,0,0),(143,'root','691b0eec514f5033ebdb6b6144aa016a',1,NULL,NULL,0,0),(144,'root','691b0eec514f5033ebdb6b6144aa016a',1,NULL,NULL,0,0),(145,'root','691b0eec514f5033ebdb6b6144aa016a',1,NULL,NULL,0,0),(146,'root','691b0eec514f5033ebdb6b6144aa016a',1,NULL,NULL,0,0),(147,'root','691b0eec514f5033ebdb6b6144aa016a',1,NULL,NULL,0,0),(148,'root','691b0eec514f5033ebdb6b6144aa016a',1,NULL,NULL,0,0),(149,'root','691b0eec514f5033ebdb6b6144aa016a',1,NULL,NULL,0,0),(150,'root','691b0eec514f5033ebdb6b6144aa016a',1,NULL,NULL,0,0),(151,'root','691b0eec514f5033ebdb6b6144aa016a',1,NULL,NULL,0,0),(152,'root','691b0eec514f5033ebdb6b6144aa016a',1,NULL,NULL,0,0),(153,'root','691b0eec514f5033ebdb6b6144aa016a',1,NULL,NULL,0,0),(154,'root','691b0eec514f5033ebdb6b6144aa016a',1,NULL,NULL,0,0),(155,'root','691b0eec514f5033ebdb6b6144aa016a',1,NULL,NULL,0,0),(156,'root','691b0eec514f5033ebdb6b6144aa016a',1,NULL,NULL,0,0),(157,'root','691b0eec514f5033ebdb6b6144aa016a',1,NULL,NULL,0,0),(158,'root','691b0eec514f5033ebdb6b6144aa016a',1,NULL,NULL,0,0),(159,'root','691b0eec514f5033ebdb6b6144aa016a',1,NULL,NULL,0,0),(160,'root','691b0eec514f5033ebdb6b6144aa016a',1,NULL,NULL,0,0),(161,'root','691b0eec514f5033ebdb6b6144aa016a',1,NULL,NULL,0,0),(162,'root','691b0eec514f5033ebdb6b6144aa016a',1,NULL,NULL,0,0),(163,'root','691b0eec514f5033ebdb6b6144aa016a',1,NULL,NULL,0,0),(164,'root','691b0eec514f5033ebdb6b6144aa016a',1,NULL,NULL,0,0),(165,'root','691b0eec514f5033ebdb6b6144aa016a',1,NULL,NULL,0,0),(166,'root','691b0eec514f5033ebdb6b6144aa016a',1,NULL,NULL,0,0),(167,'root','691b0eec514f5033ebdb6b6144aa016a',1,NULL,NULL,0,0),(168,'root','691b0eec514f5033ebdb6b6144aa016a',1,NULL,NULL,0,0),(169,'root','691b0eec514f5033ebdb6b6144aa016a',1,NULL,NULL,0,0),(170,'root','691b0eec514f5033ebdb6b6144aa016a',1,NULL,NULL,0,0),(171,'root','691b0eec514f5033ebdb6b6144aa016a',1,NULL,NULL,0,0),(172,'root','691b0eec514f5033ebdb6b6144aa016a',1,NULL,NULL,0,0),(173,'root','691b0eec514f5033ebdb6b6144aa016a',1,NULL,NULL,0,0),(174,'root','691b0eec514f5033ebdb6b6144aa016a',1,NULL,NULL,0,0),(175,'','5238180df57c138776b4245330bfffd6',0,4,92,0,0);
/*!40000 ALTER TABLE `system_users` ENABLE KEYS */;
UNLOCK TABLES;

--
-- Table structure for table `tasks`
--

DROP TABLE IF EXISTS `tasks`;
/*!40101 SET @saved_cs_client     = @@character_set_client */;
/*!40101 SET character_set_client = utf8 */;
CREATE TABLE `tasks` (
  `task_id` bigint(20) NOT NULL AUTO_INCREMENT,
  `title` varchar(64) NOT NULL,
  `content` varchar(255) NOT NULL,
  `date_start` date NOT NULL,
  `duration` double NOT NULL DEFAULT '0',
  `project_id` bigint(20) DEFAULT NULL,
  `status` int(2) NOT NULL DEFAULT '0',
  `company_id` bigint(20) DEFAULT NULL,
  `milestone_id` bigint(20) DEFAULT NULL,
  PRIMARY KEY (`task_id`),
  KEY `FK_tasks_project` (`project_id`),
  KEY `FK_tasks_company` (`company_id`),
  CONSTRAINT `FK_tasks_company` FOREIGN KEY (`company_id`) REFERENCES `companies` (`company_id`),
  CONSTRAINT `FK_tasks_project` FOREIGN KEY (`project_id`) REFERENCES `projects` (`project_id`)
) ENGINE=InnoDB AUTO_INCREMENT=12 DEFAULT CHARSET=latin1;
/*!40101 SET character_set_client = @saved_cs_client */;

--
-- Dumping data for table `tasks`
--

LOCK TABLES `tasks` WRITE;
/*!40000 ALTER TABLE `tasks` DISABLE KEYS */;
INSERT INTO `tasks` VALUES (1,'Task 1','Test','2015-01-10',20,NULL,1,4,1),(2,'Task 2','Test','2015-01-30',5,NULL,0,4,1),(3,'Task 3','Test','2015-02-04',15,NULL,0,4,2),(4,'Task 4','Test','2015-02-19',15,NULL,0,4,2),(5,'Task 5','Test','2015-03-06',30,NULL,0,4,3),(7,'Task 1','Test','2015-01-10',20,NULL,0,4,4),(8,'Task 2','Test','2015-01-30',5,NULL,0,4,4),(9,'Task 3','Test','2015-02-04',15,NULL,0,4,5),(10,'Task 4','Test','2015-02-19',15,NULL,0,4,5),(11,'Task 5','Test','2015-03-06',30,NULL,0,4,6);
/*!40000 ALTER TABLE `tasks` ENABLE KEYS */;
UNLOCK TABLES;

--
-- Table structure for table `teams`
--

DROP TABLE IF EXISTS `teams`;
/*!40101 SET @saved_cs_client     = @@character_set_client */;
/*!40101 SET character_set_client = utf8 */;
CREATE TABLE `teams` (
  `team_id` bigint(20) NOT NULL AUTO_INCREMENT,
  `name` varchar(32) NOT NULL,
  `payroll_type` int(2) NOT NULL DEFAULT '0',
  `company_id` bigint(20) DEFAULT NULL,
  PRIMARY KEY (`team_id`),
  KEY `FK_teams_company` (`company_id`),
  CONSTRAINT `FK_teams_company` FOREIGN KEY (`company_id`) REFERENCES `companies` (`company_id`)
) ENGINE=InnoDB AUTO_INCREMENT=33 DEFAULT CHARSET=latin1;
/*!40101 SET character_set_client = @saved_cs_client */;

--
-- Dumping data for table `teams`
--

LOCK TABLES `teams` WRITE;
/*!40000 ALTER TABLE `teams` DISABLE KEYS */;
INSERT INTO `teams` VALUES (29,'Quality Assurance',1,4),(30,'QA Team',2,4),(31,'walay labot',1,4),(32,'walay labot 2',1,4);
/*!40000 ALTER TABLE `teams` ENABLE KEYS */;
UNLOCK TABLES;
/*!40103 SET TIME_ZONE=@OLD_TIME_ZONE */;

/*!40101 SET SQL_MODE=@OLD_SQL_MODE */;
/*!40014 SET FOREIGN_KEY_CHECKS=@OLD_FOREIGN_KEY_CHECKS */;
/*!40014 SET UNIQUE_CHECKS=@OLD_UNIQUE_CHECKS */;
/*!40101 SET CHARACTER_SET_CLIENT=@OLD_CHARACTER_SET_CLIENT */;
/*!40101 SET CHARACTER_SET_RESULTS=@OLD_CHARACTER_SET_RESULTS */;
/*!40101 SET COLLATION_CONNECTION=@OLD_COLLATION_CONNECTION */;
/*!40111 SET SQL_NOTES=@OLD_SQL_NOTES */;

-- Dump completed on 2015-08-10 17:53:59
