/*
SQLyog Community Edition- MySQL GUI v6.07
Host - 5.6.26-log : Database - test
*********************************************************************
Server version : 5.6.26-log
*/

/*!40101 SET NAMES utf8 */;

/*!40101 SET SQL_MODE=''*/;

create database if not exists `test`;

USE `test`;

/*!40014 SET @OLD_FOREIGN_KEY_CHECKS=@@FOREIGN_KEY_CHECKS, FOREIGN_KEY_CHECKS=0 */;
/*!40101 SET @OLD_SQL_MODE=@@SQL_MODE, SQL_MODE='NO_AUTO_VALUE_ON_ZERO' */;

/*Table structure for table `assignments_project_field` */

DROP TABLE IF EXISTS `assignments_project_field`;

CREATE TABLE `assignments_project_field` (
  `project_id` bigint(20) NOT NULL,
  `field_id` bigint(20) NOT NULL,
  `label` varchar(32) NOT NULL,
  `value` varchar(255) NOT NULL,
  PRIMARY KEY (`project_id`,`field_id`,`label`,`value`),
  KEY `FK_field_id` (`field_id`),
  CONSTRAINT `FK_fields` FOREIGN KEY (`field_id`) REFERENCES `fields` (`field_id`),
  CONSTRAINT `FK_project_field` FOREIGN KEY (`project_id`) REFERENCES `projects` (`project_id`)
) ENGINE=InnoDB DEFAULT CHARSET=latin1;

/*Data for the table `assignments_project_field` */

/*Table structure for table `assignments_project_staff` */

DROP TABLE IF EXISTS `assignments_project_staff`;

CREATE TABLE `assignments_project_staff` (
  `project_id` bigint(20) NOT NULL,
  `staff_id` bigint(20) NOT NULL,
  PRIMARY KEY (`project_id`,`staff_id`),
  KEY `FK_assignments_project_staff_stf` (`staff_id`),
  CONSTRAINT `FK_assignments_project_staff` FOREIGN KEY (`project_id`) REFERENCES `projects` (`project_id`),
  CONSTRAINT `FK_assignments_project_staff_stf` FOREIGN KEY (`staff_id`) REFERENCES `staff` (`staff_id`)
) ENGINE=InnoDB DEFAULT CHARSET=latin1;

/*Data for the table `assignments_project_staff` */

insert  into `assignments_project_staff`(`project_id`,`staff_id`) values (32,74),(32,75),(32,76),(32,77),(32,78),(32,79);

/*Table structure for table `assignments_task_staff` */

DROP TABLE IF EXISTS `assignments_task_staff`;

CREATE TABLE `assignments_task_staff` (
  `task_id` bigint(20) NOT NULL,
  `staff_id` bigint(20) NOT NULL,
  PRIMARY KEY (`task_id`,`staff_id`),
  KEY `FK_assignments_task_staff` (`staff_id`),
  CONSTRAINT `FK_assignments_task_staff` FOREIGN KEY (`staff_id`) REFERENCES `staff` (`staff_id`),
  CONSTRAINT `FK_tasks_task` FOREIGN KEY (`task_id`) REFERENCES `tasks` (`task_id`)
) ENGINE=InnoDB DEFAULT CHARSET=latin1;

/*Data for the table `assignments_task_staff` */

/*Table structure for table `audit_logs` */

DROP TABLE IF EXISTS `audit_logs`;

CREATE TABLE `audit_logs` (
  `auditlog_id` bigint(20) NOT NULL AUTO_INCREMENT,
  `date_executed` datetime NOT NULL,
  `ip_address` varchar(15) NOT NULL,
  `user_id` bigint(20) DEFAULT NULL,
  `company_id` bigint(20) DEFAULT NULL,
  `project_id` bigint(20) DEFAULT NULL,
  `action` int(4) NOT NULL,
  `object_name` varchar(64) DEFAULT NULL,
  `object_id` bigint(20) DEFAULT NULL,
  `entry_name` varchar(255) DEFAULT NULL,
  PRIMARY KEY (`auditlog_id`),
  KEY `FK_audit_logs_users` (`user_id`),
  KEY `FK_audit_logs_project_id` (`project_id`),
  KEY `FK_audit_logs_company_id` (`company_id`),
  CONSTRAINT `FK_audit_logs_company_id` FOREIGN KEY (`company_id`) REFERENCES `companies` (`company_id`),
  CONSTRAINT `FK_audit_logs_project_id` FOREIGN KEY (`project_id`) REFERENCES `projects` (`project_id`),
  CONSTRAINT `FK_audit_logs_users` FOREIGN KEY (`user_id`) REFERENCES `system_users` (`user_id`)
) ENGINE=InnoDB AUTO_INCREMENT=1331 DEFAULT CHARSET=latin1;

/*Data for the table `audit_logs` */

insert  into `audit_logs`(`auditlog_id`,`date_executed`,`ip_address`,`user_id`,`company_id`,`project_id`,`action`,`object_name`,`object_id`,`entry_name`) values (324,'2015-09-28 14:34:32','127.0.0.1',NULL,NULL,NULL,800,'',-1,NULL),(335,'2015-09-28 14:37:51','127.0.0.1',219,NULL,NULL,804,'',-1,NULL),(336,'2015-09-28 14:37:51','127.0.0.1',219,NULL,NULL,114,'project',-1,NULL),(338,'2015-09-28 14:37:53','127.0.0.1',219,NULL,NULL,114,'project',-1,NULL),(339,'2015-09-28 14:38:07','127.0.0.1',219,NULL,NULL,114,'company',-1,NULL),(648,'2015-09-28 14:48:59','127.0.0.1',219,NULL,NULL,804,'',-1,NULL),(649,'2015-09-28 14:48:59','127.0.0.1',219,NULL,NULL,114,'project',-1,NULL),(650,'2015-09-28 14:49:09','127.0.0.1',219,NULL,NULL,114,'company',-1,NULL),(651,'2015-09-28 14:49:15','127.0.0.1',219,NULL,NULL,114,'company',-1,NULL),(652,'2015-09-28 14:49:19','127.0.0.1',219,NULL,NULL,114,'company',-1,NULL),(653,'2015-09-28 14:49:24','127.0.0.1',219,NULL,NULL,114,'company',-1,NULL),(654,'2015-09-28 14:49:43','127.0.0.1',219,NULL,NULL,114,'systemuser',-1,NULL),(655,'2015-09-28 14:49:48','127.0.0.1',219,NULL,NULL,114,'company',-1,NULL),(656,'2015-09-28 14:49:59','127.0.0.1',219,NULL,NULL,100,'systemuser',226,'demo_admin1'),(657,'2015-09-28 14:49:59','127.0.0.1',219,NULL,NULL,114,'company',-1,NULL),(658,'2015-09-28 14:49:59','127.0.0.1',219,NULL,NULL,110,'systemuser',226,'demo_admin1'),(766,'2015-09-28 14:58:19','127.0.0.1',219,NULL,NULL,804,'',-1,NULL),(767,'2015-09-28 14:58:19','127.0.0.1',219,NULL,NULL,114,'project',-1,NULL),(768,'2015-09-28 14:58:20','127.0.0.1',219,NULL,NULL,114,'company',-1,NULL),(769,'2015-09-28 14:58:22','127.0.0.1',219,NULL,NULL,107,'company',9,NULL),(770,'2015-09-28 14:58:23','127.0.0.1',219,NULL,NULL,114,'company',-1,NULL),(771,'2015-09-28 14:58:33','127.0.0.1',219,NULL,NULL,100,'company',10,NULL),(772,'2015-09-28 14:58:33','127.0.0.1',219,NULL,NULL,110,'company',10,NULL),(773,'2015-09-28 14:58:35','127.0.0.1',219,NULL,NULL,114,'systemuser',-1,NULL),(774,'2015-09-28 14:58:36','127.0.0.1',219,NULL,NULL,114,'company',-1,NULL),(775,'2015-09-28 14:58:43','127.0.0.1',219,NULL,NULL,100,'systemuser',227,NULL),(776,'2015-09-28 14:58:43','127.0.0.1',219,NULL,NULL,114,'company',-1,NULL),(777,'2015-09-28 14:58:43','127.0.0.1',219,NULL,NULL,110,'systemuser',227,NULL),(778,'2015-09-28 14:58:49','127.0.0.1',227,10,NULL,804,'',-1,NULL),(779,'2015-09-28 14:58:49','127.0.0.1',227,10,NULL,114,'project',-1,NULL),(780,'2015-09-28 14:59:03','127.0.0.1',227,10,NULL,100,'project',30,NULL),(781,'2015-09-28 14:59:03','127.0.0.1',227,10,NULL,110,'project',30,NULL),(782,'2015-09-28 14:59:03','127.0.0.1',227,10,NULL,110,'projectAux',-1,NULL),(783,'2015-09-28 14:59:03','127.0.0.1',227,10,NULL,114,'project',30,NULL),(784,'2015-09-28 14:59:03','127.0.0.1',227,10,NULL,114,'cost',-1,NULL),(785,'2015-09-28 14:59:04','127.0.0.1',227,10,NULL,114,'project',30,NULL),(786,'2015-09-28 14:59:04','127.0.0.1',227,10,NULL,114,'estimationoutput',-1,NULL),(787,'2015-09-28 14:59:04','127.0.0.1',227,10,NULL,114,'project',30,NULL),(788,'2015-09-28 14:59:04','127.0.0.1',227,10,NULL,114,'staff',-1,NULL),(789,'2015-09-28 14:59:04','127.0.0.1',227,10,NULL,114,'project',30,NULL),(790,'2015-09-28 14:59:04','127.0.0.1',227,10,NULL,114,'payroll',-1,NULL),(791,'2015-09-28 14:59:04','127.0.0.1',227,10,NULL,114,'project',30,NULL),(792,'2015-09-28 14:59:04','127.0.0.1',227,10,NULL,114,'delivery',-1,NULL),(793,'2015-09-28 14:59:04','127.0.0.1',227,10,NULL,114,'project',30,NULL),(794,'2015-09-28 14:59:04','127.0.0.1',227,10,NULL,114,'material',-1,NULL),(795,'2015-09-28 14:59:04','127.0.0.1',227,10,NULL,114,'project',30,NULL),(796,'2015-09-28 14:59:04','127.0.0.1',227,10,NULL,114,'pullout',-1,NULL),(797,'2015-09-28 14:59:04','127.0.0.1',227,10,NULL,114,'project',30,NULL),(798,'2015-09-28 14:59:04','127.0.0.1',227,10,NULL,114,'expense',-1,NULL),(799,'2015-09-28 14:59:04','127.0.0.1',227,10,NULL,112,'project',30,NULL),(800,'2015-09-28 14:59:04','127.0.0.1',227,10,NULL,112,'com.cebedo.pmsys.pojo.JSONTimelineGantt',-1,NULL),(801,'2015-09-28 14:59:04','127.0.0.1',227,10,NULL,112,'project',30,NULL),(802,'2015-09-28 14:59:04','127.0.0.1',227,10,NULL,112,'com.cebedo.pmsys.pojo.JSONCalendarEvent',-1,NULL),(803,'2015-09-28 14:59:04','127.0.0.1',227,10,NULL,113,'project',30,NULL),(804,'2015-09-28 14:59:04','127.0.0.1',227,10,NULL,113,'com.cebedo.pmsys.enums.TaskStatus',-1,NULL),(805,'2015-09-28 14:59:09','127.0.0.1',227,10,NULL,107,'project',30,NULL),(806,'2015-09-28 14:59:09','127.0.0.1',227,10,NULL,114,'project',-1,NULL),(807,'2015-09-28 15:00:59','127.0.0.1',227,10,NULL,100,'project',31,NULL),(808,'2015-09-28 15:00:59','127.0.0.1',227,10,NULL,110,'project',31,NULL),(809,'2015-09-28 15:00:59','127.0.0.1',227,10,NULL,110,'projectAux',-1,NULL),(810,'2015-09-28 15:00:59','127.0.0.1',227,10,NULL,114,'project',31,NULL),(811,'2015-09-28 15:00:59','127.0.0.1',227,10,NULL,114,'cost',-1,NULL),(812,'2015-09-28 15:01:00','127.0.0.1',227,10,NULL,114,'project',31,NULL),(813,'2015-09-28 15:01:00','127.0.0.1',227,10,NULL,114,'estimationoutput',-1,NULL),(814,'2015-09-28 15:01:00','127.0.0.1',227,10,NULL,114,'project',31,NULL),(815,'2015-09-28 15:01:00','127.0.0.1',227,10,NULL,114,'staff',-1,NULL),(816,'2015-09-28 15:01:00','127.0.0.1',227,10,NULL,114,'project',31,NULL),(817,'2015-09-28 15:01:00','127.0.0.1',227,10,NULL,114,'payroll',-1,NULL),(818,'2015-09-28 15:01:00','127.0.0.1',227,10,NULL,114,'project',31,NULL),(819,'2015-09-28 15:01:00','127.0.0.1',227,10,NULL,114,'delivery',-1,NULL),(820,'2015-09-28 15:01:00','127.0.0.1',227,10,NULL,114,'project',31,NULL),(821,'2015-09-28 15:01:00','127.0.0.1',227,10,NULL,114,'material',-1,NULL),(822,'2015-09-28 15:01:00','127.0.0.1',227,10,NULL,114,'project',31,NULL),(823,'2015-09-28 15:01:00','127.0.0.1',227,10,NULL,114,'pullout',-1,NULL),(824,'2015-09-28 15:01:00','127.0.0.1',227,10,NULL,114,'project',31,NULL),(825,'2015-09-28 15:01:00','127.0.0.1',227,10,NULL,114,'expense',-1,NULL),(826,'2015-09-28 15:01:00','127.0.0.1',227,10,NULL,112,'project',31,NULL),(827,'2015-09-28 15:01:00','127.0.0.1',227,10,NULL,112,'com.cebedo.pmsys.pojo.JSONTimelineGantt',-1,NULL),(828,'2015-09-28 15:01:00','127.0.0.1',227,10,NULL,112,'project',31,NULL),(829,'2015-09-28 15:01:00','127.0.0.1',227,10,NULL,112,'com.cebedo.pmsys.pojo.JSONCalendarEvent',-1,NULL),(830,'2015-09-28 15:01:00','127.0.0.1',227,10,NULL,113,'project',31,NULL),(831,'2015-09-28 15:01:00','127.0.0.1',227,10,NULL,113,'com.cebedo.pmsys.enums.TaskStatus',-1,NULL),(832,'2015-09-28 15:01:04','127.0.0.1',227,10,NULL,107,'project',31,NULL),(833,'2015-09-28 15:01:04','127.0.0.1',227,10,NULL,114,'project',-1,NULL),(834,'2015-09-28 15:01:17','127.0.0.1',227,10,NULL,100,'project',32,NULL),(835,'2015-09-28 15:01:17','127.0.0.1',227,10,NULL,110,'project',32,NULL),(836,'2015-09-28 15:01:17','127.0.0.1',227,10,NULL,110,'projectAux',-1,NULL),(837,'2015-09-28 15:01:17','127.0.0.1',227,10,NULL,114,'project',32,NULL),(838,'2015-09-28 15:01:17','127.0.0.1',227,10,NULL,114,'cost',-1,NULL),(839,'2015-09-28 15:01:17','127.0.0.1',227,10,NULL,114,'project',32,NULL),(840,'2015-09-28 15:01:17','127.0.0.1',227,10,NULL,114,'estimationoutput',-1,NULL),(841,'2015-09-28 15:01:18','127.0.0.1',227,10,NULL,114,'project',32,NULL),(842,'2015-09-28 15:01:18','127.0.0.1',227,10,NULL,114,'staff',-1,NULL),(843,'2015-09-28 15:01:18','127.0.0.1',227,10,NULL,114,'project',32,NULL),(844,'2015-09-28 15:01:18','127.0.0.1',227,10,NULL,114,'payroll',-1,NULL),(845,'2015-09-28 15:01:18','127.0.0.1',227,10,NULL,114,'project',32,NULL),(846,'2015-09-28 15:01:18','127.0.0.1',227,10,NULL,114,'delivery',-1,NULL),(847,'2015-09-28 15:01:18','127.0.0.1',227,10,NULL,114,'project',32,NULL),(848,'2015-09-28 15:01:18','127.0.0.1',227,10,NULL,114,'material',-1,NULL),(849,'2015-09-28 15:01:18','127.0.0.1',227,10,NULL,114,'project',32,NULL),(850,'2015-09-28 15:01:18','127.0.0.1',227,10,NULL,114,'pullout',-1,NULL),(851,'2015-09-28 15:01:18','127.0.0.1',227,10,NULL,114,'project',32,NULL),(852,'2015-09-28 15:01:18','127.0.0.1',227,10,NULL,114,'expense',-1,NULL),(853,'2015-09-28 15:01:18','127.0.0.1',227,10,NULL,112,'project',32,NULL),(854,'2015-09-28 15:01:18','127.0.0.1',227,10,NULL,112,'com.cebedo.pmsys.pojo.JSONTimelineGantt',-1,NULL),(855,'2015-09-28 15:01:18','127.0.0.1',227,10,NULL,112,'project',32,NULL),(856,'2015-09-28 15:01:18','127.0.0.1',227,10,NULL,112,'com.cebedo.pmsys.pojo.JSONCalendarEvent',-1,NULL),(857,'2015-09-28 15:01:18','127.0.0.1',227,10,NULL,113,'project',32,NULL),(858,'2015-09-28 15:01:18','127.0.0.1',227,10,NULL,113,'com.cebedo.pmsys.enums.TaskStatus',-1,NULL),(859,'2015-09-28 15:01:22','127.0.0.1',227,10,NULL,804,'',-1,NULL),(860,'2015-09-28 15:01:22','127.0.0.1',227,10,NULL,114,'project',-1,NULL),(861,'2015-09-28 15:01:24','127.0.0.1',227,10,NULL,114,'systemuser',-1,NULL),(862,'2015-09-28 15:01:33','127.0.0.1',227,10,NULL,100,'systemuser',228,NULL),(863,'2015-09-28 15:01:33','127.0.0.1',227,10,NULL,110,'systemuser',228,NULL),(864,'2015-09-28 15:01:38','127.0.0.1',228,10,NULL,804,'',-1,NULL),(865,'2015-09-28 15:01:38','127.0.0.1',228,10,NULL,114,'project',-1,NULL),(866,'2015-09-28 15:01:39','127.0.0.1',228,10,NULL,110,'project',32,NULL),(867,'2015-09-28 15:01:39','127.0.0.1',228,10,NULL,110,'projectAux',-1,NULL),(868,'2015-09-28 15:01:40','127.0.0.1',228,10,NULL,114,'project',32,NULL),(869,'2015-09-28 15:01:40','127.0.0.1',228,10,NULL,114,'cost',-1,NULL),(870,'2015-09-28 15:01:40','127.0.0.1',228,10,NULL,114,'project',32,NULL),(871,'2015-09-28 15:01:40','127.0.0.1',228,10,NULL,114,'estimationoutput',-1,NULL),(872,'2015-09-28 15:01:40','127.0.0.1',228,10,NULL,114,'project',32,NULL),(873,'2015-09-28 15:01:40','127.0.0.1',228,10,NULL,114,'staff',-1,NULL),(874,'2015-09-28 15:01:40','127.0.0.1',228,10,NULL,114,'project',32,NULL),(875,'2015-09-28 15:01:40','127.0.0.1',228,10,NULL,114,'payroll',-1,NULL),(876,'2015-09-28 15:01:40','127.0.0.1',228,10,NULL,114,'project',32,NULL),(877,'2015-09-28 15:01:40','127.0.0.1',228,10,NULL,114,'delivery',-1,NULL),(878,'2015-09-28 15:01:40','127.0.0.1',228,10,NULL,114,'project',32,NULL),(879,'2015-09-28 15:01:40','127.0.0.1',228,10,NULL,114,'material',-1,NULL),(880,'2015-09-28 15:01:40','127.0.0.1',228,10,NULL,114,'project',32,NULL),(881,'2015-09-28 15:01:40','127.0.0.1',228,10,NULL,114,'pullout',-1,NULL),(882,'2015-09-28 15:01:40','127.0.0.1',228,10,NULL,114,'project',32,NULL),(883,'2015-09-28 15:01:40','127.0.0.1',228,10,NULL,114,'expense',-1,NULL),(884,'2015-09-28 15:01:41','127.0.0.1',228,10,NULL,112,'project',32,NULL),(885,'2015-09-28 15:01:41','127.0.0.1',228,10,NULL,112,'com.cebedo.pmsys.pojo.JSONTimelineGantt',-1,NULL),(886,'2015-09-28 15:01:41','127.0.0.1',228,10,NULL,112,'project',32,NULL),(887,'2015-09-28 15:01:41','127.0.0.1',228,10,NULL,112,'com.cebedo.pmsys.pojo.JSONCalendarEvent',-1,NULL),(888,'2015-09-28 15:01:41','127.0.0.1',228,10,NULL,113,'project',32,NULL),(889,'2015-09-28 15:01:41','127.0.0.1',228,10,NULL,113,'com.cebedo.pmsys.enums.TaskStatus',-1,NULL),(890,'2015-09-28 15:01:51','127.0.0.1',228,10,NULL,123,'project',32,NULL),(891,'2015-09-28 15:01:51','127.0.0.1',228,10,NULL,123,'org.springframework.web.multipart.MultipartFile',-1,NULL),(892,'2015-09-28 15:01:52','127.0.0.1',228,10,NULL,101,'task',-1,NULL),(893,'2015-09-28 15:01:52','127.0.0.1',228,10,NULL,101,'project',32,NULL),(894,'2015-09-28 15:01:52','127.0.0.1',228,10,NULL,101,'task',-1,NULL),(895,'2015-09-28 15:01:52','127.0.0.1',228,10,NULL,110,'project',32,NULL),(896,'2015-09-28 15:01:52','127.0.0.1',228,10,NULL,110,'projectAux',-1,NULL),(897,'2015-09-28 15:01:53','127.0.0.1',228,10,NULL,114,'project',32,NULL),(898,'2015-09-28 15:01:53','127.0.0.1',228,10,NULL,114,'cost',-1,NULL),(899,'2015-09-28 15:01:53','127.0.0.1',228,10,NULL,114,'project',32,NULL),(900,'2015-09-28 15:01:53','127.0.0.1',228,10,NULL,114,'estimationoutput',-1,NULL),(901,'2015-09-28 15:01:53','127.0.0.1',228,10,NULL,114,'project',32,NULL),(902,'2015-09-28 15:01:53','127.0.0.1',228,10,NULL,114,'staff',-1,NULL),(903,'2015-09-28 15:01:53','127.0.0.1',228,10,NULL,114,'project',32,NULL),(904,'2015-09-28 15:01:53','127.0.0.1',228,10,NULL,114,'payroll',-1,NULL),(905,'2015-09-28 15:01:53','127.0.0.1',228,10,NULL,114,'project',32,NULL),(906,'2015-09-28 15:01:53','127.0.0.1',228,10,NULL,114,'delivery',-1,NULL),(907,'2015-09-28 15:01:53','127.0.0.1',228,10,NULL,114,'project',32,NULL),(908,'2015-09-28 15:01:53','127.0.0.1',228,10,NULL,114,'material',-1,NULL),(909,'2015-09-28 15:01:53','127.0.0.1',228,10,NULL,114,'project',32,NULL),(910,'2015-09-28 15:01:53','127.0.0.1',228,10,NULL,114,'pullout',-1,NULL),(911,'2015-09-28 15:01:53','127.0.0.1',228,10,NULL,114,'project',32,NULL),(912,'2015-09-28 15:01:53','127.0.0.1',228,10,NULL,114,'expense',-1,NULL),(913,'2015-09-28 15:01:53','127.0.0.1',228,10,NULL,112,'project',32,NULL),(914,'2015-09-28 15:01:53','127.0.0.1',228,10,NULL,112,'com.cebedo.pmsys.pojo.JSONTimelineGantt',-1,NULL),(915,'2015-09-28 15:01:54','127.0.0.1',228,10,NULL,112,'project',32,NULL),(916,'2015-09-28 15:01:54','127.0.0.1',228,10,NULL,112,'com.cebedo.pmsys.pojo.JSONCalendarEvent',-1,NULL),(917,'2015-09-28 15:01:54','127.0.0.1',228,10,NULL,113,'project',32,NULL),(918,'2015-09-28 15:01:54','127.0.0.1',228,10,NULL,113,'com.cebedo.pmsys.enums.TaskStatus',-1,NULL),(919,'2015-09-28 15:01:59','127.0.0.1',228,10,NULL,110,'task',85,NULL),(920,'2015-09-28 15:02:02','127.0.0.1',228,10,NULL,105,'task',85,NULL),(921,'2015-09-28 15:02:02','127.0.0.1',228,10,NULL,110,'task',85,NULL),(922,'2015-09-28 15:02:04','127.0.0.1',228,10,NULL,110,'project',32,NULL),(923,'2015-09-28 15:02:04','127.0.0.1',228,10,NULL,110,'projectAux',-1,NULL),(924,'2015-09-28 15:02:04','127.0.0.1',228,10,NULL,114,'project',32,NULL),(925,'2015-09-28 15:02:04','127.0.0.1',228,10,NULL,114,'cost',-1,NULL),(926,'2015-09-28 15:02:04','127.0.0.1',228,10,NULL,114,'project',32,NULL),(927,'2015-09-28 15:02:04','127.0.0.1',228,10,NULL,114,'estimationoutput',-1,NULL),(928,'2015-09-28 15:02:04','127.0.0.1',228,10,NULL,114,'project',32,NULL),(929,'2015-09-28 15:02:04','127.0.0.1',228,10,NULL,114,'staff',-1,NULL),(930,'2015-09-28 15:02:04','127.0.0.1',228,10,NULL,114,'project',32,NULL),(931,'2015-09-28 15:02:04','127.0.0.1',228,10,NULL,114,'payroll',-1,NULL),(932,'2015-09-28 15:02:04','127.0.0.1',228,10,NULL,114,'project',32,NULL),(933,'2015-09-28 15:02:04','127.0.0.1',228,10,NULL,114,'delivery',-1,NULL),(934,'2015-09-28 15:02:04','127.0.0.1',228,10,NULL,114,'project',32,NULL),(935,'2015-09-28 15:02:04','127.0.0.1',228,10,NULL,114,'material',-1,NULL),(936,'2015-09-28 15:02:05','127.0.0.1',228,10,NULL,114,'project',32,NULL),(937,'2015-09-28 15:02:05','127.0.0.1',228,10,NULL,114,'pullout',-1,NULL),(938,'2015-09-28 15:02:05','127.0.0.1',228,10,NULL,114,'project',32,NULL),(939,'2015-09-28 15:02:05','127.0.0.1',228,10,NULL,114,'expense',-1,NULL),(940,'2015-09-28 15:02:05','127.0.0.1',228,10,NULL,112,'project',32,NULL),(941,'2015-09-28 15:02:05','127.0.0.1',228,10,NULL,112,'com.cebedo.pmsys.pojo.JSONTimelineGantt',-1,NULL),(942,'2015-09-28 15:02:05','127.0.0.1',228,10,NULL,112,'project',32,NULL),(943,'2015-09-28 15:02:05','127.0.0.1',228,10,NULL,112,'com.cebedo.pmsys.pojo.JSONCalendarEvent',-1,NULL),(944,'2015-09-28 15:02:05','127.0.0.1',228,10,NULL,113,'project',32,NULL),(945,'2015-09-28 15:02:05','127.0.0.1',228,10,NULL,113,'com.cebedo.pmsys.enums.TaskStatus',-1,NULL),(946,'2015-09-28 15:02:16','127.0.0.1',228,10,NULL,123,'company',10,NULL),(947,'2015-09-28 15:02:16','127.0.0.1',228,10,NULL,123,'org.springframework.web.multipart.MultipartFile',-1,NULL),(948,'2015-09-28 15:02:16','127.0.0.1',228,10,NULL,100,'staff',74,NULL),(949,'2015-09-28 15:02:16','127.0.0.1',228,10,NULL,100,'staff',75,NULL),(950,'2015-09-28 15:02:17','127.0.0.1',228,10,NULL,100,'staff',76,NULL),(951,'2015-09-28 15:02:17','127.0.0.1',228,10,NULL,100,'staff',77,NULL),(952,'2015-09-28 15:02:17','127.0.0.1',228,10,NULL,100,'staff',78,NULL),(953,'2015-09-28 15:02:17','127.0.0.1',228,10,NULL,100,'staff',79,NULL),(954,'2015-09-28 15:02:17','127.0.0.1',228,10,NULL,114,'company',10,NULL),(955,'2015-09-28 15:02:17','127.0.0.1',228,10,NULL,114,'staff',-1,NULL),(956,'2015-09-28 15:02:17','127.0.0.1',228,10,NULL,101,'project',32,NULL),(957,'2015-09-28 15:02:17','127.0.0.1',228,10,NULL,101,'staff',-1,NULL),(958,'2015-09-28 15:02:17','127.0.0.1',228,10,NULL,110,'project',32,NULL),(959,'2015-09-28 15:02:17','127.0.0.1',228,10,NULL,110,'projectAux',-1,NULL),(960,'2015-09-28 15:02:18','127.0.0.1',228,10,NULL,114,'project',32,NULL),(961,'2015-09-28 15:02:18','127.0.0.1',228,10,NULL,114,'cost',-1,NULL),(962,'2015-09-28 15:02:18','127.0.0.1',228,10,NULL,114,'project',32,NULL),(963,'2015-09-28 15:02:18','127.0.0.1',228,10,NULL,114,'estimationoutput',-1,NULL),(964,'2015-09-28 15:02:18','127.0.0.1',228,10,NULL,114,'project',32,NULL),(965,'2015-09-28 15:02:18','127.0.0.1',228,10,NULL,114,'staff',-1,NULL),(966,'2015-09-28 15:02:18','127.0.0.1',228,10,NULL,114,'project',32,NULL),(967,'2015-09-28 15:02:18','127.0.0.1',228,10,NULL,114,'payroll',-1,NULL),(968,'2015-09-28 15:02:18','127.0.0.1',228,10,NULL,114,'project',32,NULL),(969,'2015-09-28 15:02:18','127.0.0.1',228,10,NULL,114,'delivery',-1,NULL),(970,'2015-09-28 15:02:18','127.0.0.1',228,10,NULL,114,'project',32,NULL),(971,'2015-09-28 15:02:18','127.0.0.1',228,10,NULL,114,'material',-1,NULL),(972,'2015-09-28 15:02:18','127.0.0.1',228,10,NULL,114,'project',32,NULL),(973,'2015-09-28 15:02:18','127.0.0.1',228,10,NULL,114,'pullout',-1,NULL),(974,'2015-09-28 15:02:18','127.0.0.1',228,10,NULL,114,'project',32,NULL),(975,'2015-09-28 15:02:18','127.0.0.1',228,10,NULL,114,'expense',-1,NULL),(976,'2015-09-28 15:02:18','127.0.0.1',228,10,NULL,112,'project',32,NULL),(977,'2015-09-28 15:02:18','127.0.0.1',228,10,NULL,112,'com.cebedo.pmsys.pojo.JSONTimelineGantt',-1,NULL),(978,'2015-09-28 15:02:18','127.0.0.1',228,10,NULL,112,'project',32,NULL),(979,'2015-09-28 15:02:18','127.0.0.1',228,10,NULL,112,'com.cebedo.pmsys.pojo.JSONCalendarEvent',-1,NULL),(980,'2015-09-28 15:02:19','127.0.0.1',228,10,NULL,113,'project',32,NULL),(981,'2015-09-28 15:02:19','127.0.0.1',228,10,NULL,113,'com.cebedo.pmsys.enums.TaskStatus',-1,NULL),(982,'2015-09-28 16:38:53','127.0.0.1',228,10,NULL,804,'',-1,NULL),(983,'2015-09-28 16:38:53','127.0.0.1',228,10,NULL,114,'project',-1,NULL),(984,'2015-09-28 16:38:57','127.0.0.1',228,10,NULL,110,'project',32,NULL),(985,'2015-09-28 16:38:58','127.0.0.1',228,10,NULL,110,'projectAux',-1,NULL),(986,'2015-09-28 16:38:58','127.0.0.1',228,10,NULL,114,'project',32,NULL),(987,'2015-09-28 16:38:58','127.0.0.1',228,10,NULL,114,'cost',-1,NULL),(988,'2015-09-28 16:38:58','127.0.0.1',228,10,NULL,114,'project',32,NULL),(989,'2015-09-28 16:38:58','127.0.0.1',228,10,NULL,114,'staff',-1,NULL),(990,'2015-09-28 16:38:58','127.0.0.1',228,10,NULL,114,'project',32,NULL),(991,'2015-09-28 16:38:58','127.0.0.1',228,10,NULL,114,'estimationoutput',-1,NULL),(992,'2015-09-28 16:38:58','127.0.0.1',228,10,NULL,114,'project',32,NULL),(993,'2015-09-28 16:38:58','127.0.0.1',228,10,NULL,114,'delivery',-1,NULL),(994,'2015-09-28 16:38:58','127.0.0.1',228,10,NULL,114,'project',32,NULL),(995,'2015-09-28 16:38:58','127.0.0.1',228,10,NULL,114,'payroll',-1,NULL),(996,'2015-09-28 16:38:58','127.0.0.1',228,10,NULL,114,'project',32,NULL),(997,'2015-09-28 16:38:58','127.0.0.1',228,10,NULL,114,'pullout',-1,NULL),(998,'2015-09-28 16:38:58','127.0.0.1',228,10,NULL,114,'project',32,NULL),(999,'2015-09-28 16:38:58','127.0.0.1',228,10,NULL,114,'material',-1,NULL),(1000,'2015-09-28 16:38:59','127.0.0.1',228,10,NULL,112,'project',32,NULL),(1001,'2015-09-28 16:38:59','127.0.0.1',228,10,NULL,112,'com.cebedo.pmsys.pojo.JSONTimelineGantt',-1,NULL),(1002,'2015-09-28 16:38:59','127.0.0.1',228,10,NULL,114,'project',32,NULL),(1003,'2015-09-28 16:38:59','127.0.0.1',228,10,NULL,114,'expense',-1,NULL),(1004,'2015-09-28 16:38:59','127.0.0.1',228,10,NULL,112,'project',32,NULL),(1005,'2015-09-28 16:38:59','127.0.0.1',228,10,NULL,112,'com.cebedo.pmsys.pojo.JSONCalendarEvent',-1,NULL),(1006,'2015-09-28 16:38:59','127.0.0.1',228,10,NULL,113,'project',32,NULL),(1007,'2015-09-28 16:38:59','127.0.0.1',228,10,NULL,113,'com.cebedo.pmsys.enums.TaskStatus',-1,NULL),(1008,'2015-09-28 16:41:32','127.0.0.1',228,10,NULL,100,'delivery',-1,NULL),(1009,'2015-09-28 16:41:33','127.0.0.1',228,10,NULL,110,'delivery',-1,NULL),(1010,'2015-09-28 16:41:33','127.0.0.1',228,10,NULL,114,'delivery',-1,NULL),(1011,'2015-09-28 16:41:33','127.0.0.1',228,10,NULL,114,'material',-1,NULL),(1012,'2015-09-28 16:46:24','127.0.0.1',228,10,NULL,110,'projectAux',-1,NULL),(1013,'2015-09-28 16:46:24','127.0.0.1',228,10,NULL,100,'material',-1,NULL),(1014,'2015-09-28 16:46:25','127.0.0.1',228,10,NULL,110,'delivery',-1,NULL),(1015,'2015-09-28 16:46:25','127.0.0.1',228,10,NULL,114,'delivery',-1,NULL),(1016,'2015-09-28 16:46:25','127.0.0.1',228,10,NULL,114,'material',-1,NULL),(1017,'2015-09-28 16:48:12','127.0.0.1',228,10,NULL,110,'material',-1,NULL),(1018,'2015-09-28 16:48:41','127.0.0.1',228,10,NULL,110,'project',32,NULL),(1019,'2015-09-28 16:48:42','127.0.0.1',228,10,NULL,110,'projectAux',-1,NULL),(1020,'2015-09-28 16:48:42','127.0.0.1',228,10,NULL,114,'project',32,NULL),(1021,'2015-09-28 16:48:42','127.0.0.1',228,10,NULL,114,'cost',-1,NULL),(1022,'2015-09-28 16:48:42','127.0.0.1',228,10,NULL,114,'project',32,NULL),(1023,'2015-09-28 16:48:42','127.0.0.1',228,10,NULL,114,'estimationoutput',-1,NULL),(1024,'2015-09-28 16:48:42','127.0.0.1',228,10,NULL,114,'project',32,NULL),(1025,'2015-09-28 16:48:42','127.0.0.1',228,10,NULL,114,'staff',-1,NULL),(1026,'2015-09-28 16:48:42','127.0.0.1',228,10,NULL,114,'project',32,NULL),(1027,'2015-09-28 16:48:42','127.0.0.1',228,10,NULL,114,'payroll',-1,NULL),(1028,'2015-09-28 16:48:42','127.0.0.1',228,10,NULL,114,'project',32,NULL),(1029,'2015-09-28 16:48:42','127.0.0.1',228,10,NULL,114,'delivery',-1,NULL),(1030,'2015-09-28 16:48:42','127.0.0.1',228,10,NULL,114,'project',32,NULL),(1031,'2015-09-28 16:48:42','127.0.0.1',228,10,NULL,114,'project',32,NULL),(1032,'2015-09-28 16:48:42','127.0.0.1',228,10,NULL,114,'material',-1,NULL),(1033,'2015-09-28 16:48:42','127.0.0.1',228,10,NULL,114,'pullout',-1,NULL),(1034,'2015-09-28 16:48:42','127.0.0.1',228,10,NULL,114,'project',32,NULL),(1035,'2015-09-28 16:48:42','127.0.0.1',228,10,NULL,114,'expense',-1,NULL),(1036,'2015-09-28 16:48:43','127.0.0.1',228,10,NULL,112,'project',32,NULL),(1037,'2015-09-28 16:48:43','127.0.0.1',228,10,NULL,112,'com.cebedo.pmsys.pojo.JSONTimelineGantt',-1,NULL),(1038,'2015-09-28 16:48:43','127.0.0.1',228,10,NULL,112,'project',32,NULL),(1039,'2015-09-28 16:48:43','127.0.0.1',228,10,NULL,112,'com.cebedo.pmsys.pojo.JSONCalendarEvent',-1,NULL),(1040,'2015-09-28 16:48:43','127.0.0.1',228,10,NULL,113,'project',32,NULL),(1041,'2015-09-28 16:48:43','127.0.0.1',228,10,NULL,113,'com.cebedo.pmsys.enums.TaskStatus',-1,NULL),(1042,'2015-09-28 16:53:07','127.0.0.1',228,10,NULL,110,'staff',79,NULL),(1043,'2015-09-28 16:53:07','127.0.0.1',228,10,NULL,115,'staff',79,NULL),(1044,'2015-09-28 16:53:07','127.0.0.1',228,10,NULL,115,'attendance',-1,NULL),(1045,'2015-09-28 16:53:07','127.0.0.1',228,10,NULL,113,'staff',79,NULL),(1046,'2015-09-28 16:53:07','127.0.0.1',228,10,NULL,113,'com.cebedo.pmsys.enums.TaskStatus',-1,NULL),(1047,'2015-09-28 16:55:50','127.0.0.1',228,10,NULL,102,'attendance',-1,NULL),(1048,'2015-09-28 16:55:50','127.0.0.1',228,10,NULL,107,'attendance',-1,NULL),(1049,'2015-09-28 16:55:50','127.0.0.1',228,10,NULL,115,'staff',79,NULL),(1050,'2015-09-28 16:55:50','127.0.0.1',228,10,NULL,115,'attendance',-1,NULL),(1051,'2015-09-28 16:55:50','127.0.0.1',228,10,NULL,110,'staff',79,NULL),(1052,'2015-09-28 16:55:50','127.0.0.1',228,10,NULL,110,'wage',-1,NULL),(1053,'2015-09-28 16:55:50','127.0.0.1',228,10,NULL,113,'staff',79,NULL),(1054,'2015-09-28 16:55:50','127.0.0.1',228,10,NULL,113,'com.cebedo.pmsys.enums.TaskStatus',-1,NULL),(1055,'2015-09-28 16:55:50','127.0.0.1',228,10,NULL,113,'staff',79,NULL),(1056,'2015-09-28 16:55:50','127.0.0.1',228,10,NULL,113,'com.cebedo.pmsys.enums.AttendanceStatus',-1,NULL),(1057,'2015-09-28 16:55:50','127.0.0.1',228,10,NULL,112,'staff',79,NULL),(1058,'2015-09-28 16:55:50','127.0.0.1',228,10,NULL,112,'com.cebedo.pmsys.pojo.JSONCalendarEvent',-1,NULL),(1059,'2015-09-28 16:56:35','127.0.0.1',228,10,NULL,103,'staff',79,NULL),(1060,'2015-09-28 16:56:35','127.0.0.1',228,10,NULL,103,'com.cebedo.pmsys.pojo.FormMassAttendance',-1,NULL),(1061,'2015-09-28 16:56:35','127.0.0.1',228,10,NULL,107,'attendance',-1,NULL),(1062,'2015-09-28 16:56:35','127.0.0.1',228,10,NULL,107,'attendance',-1,NULL),(1063,'2015-09-28 16:56:36','127.0.0.1',228,10,NULL,107,'attendance',-1,NULL),(1064,'2015-09-28 16:56:36','127.0.0.1',228,10,NULL,107,'attendance',-1,NULL),(1065,'2015-09-28 16:56:36','127.0.0.1',228,10,NULL,107,'attendance',-1,NULL),(1066,'2015-09-28 16:56:36','127.0.0.1',228,10,NULL,107,'attendance',-1,NULL),(1067,'2015-09-28 16:56:36','127.0.0.1',228,10,NULL,107,'attendance',-1,NULL),(1068,'2015-09-28 16:56:36','127.0.0.1',228,10,NULL,107,'attendance',-1,NULL),(1069,'2015-09-28 16:56:36','127.0.0.1',228,10,NULL,107,'attendance',-1,NULL),(1070,'2015-09-28 16:56:37','127.0.0.1',228,10,NULL,107,'attendance',-1,NULL),(1071,'2015-09-28 16:56:37','127.0.0.1',228,10,NULL,107,'attendance',-1,NULL),(1072,'2015-09-28 16:56:37','127.0.0.1',228,10,NULL,107,'attendance',-1,NULL),(1073,'2015-09-28 16:56:37','127.0.0.1',228,10,NULL,107,'attendance',-1,NULL),(1074,'2015-09-28 16:56:37','127.0.0.1',228,10,NULL,107,'attendance',-1,NULL),(1075,'2015-09-28 16:56:37','127.0.0.1',228,10,NULL,107,'attendance',-1,NULL),(1076,'2015-09-28 16:56:37','127.0.0.1',228,10,NULL,115,'staff',79,NULL),(1077,'2015-09-28 16:56:37','127.0.0.1',228,10,NULL,115,'attendance',-1,NULL),(1078,'2015-09-28 16:56:37','127.0.0.1',228,10,NULL,110,'staff',79,NULL),(1079,'2015-09-28 16:56:37','127.0.0.1',228,10,NULL,110,'wage',-1,NULL),(1080,'2015-09-28 16:56:38','127.0.0.1',228,10,NULL,113,'staff',79,NULL),(1081,'2015-09-28 16:56:38','127.0.0.1',228,10,NULL,113,'com.cebedo.pmsys.enums.TaskStatus',-1,NULL),(1082,'2015-09-28 16:56:38','127.0.0.1',228,10,NULL,113,'staff',79,NULL),(1083,'2015-09-28 16:56:38','127.0.0.1',228,10,NULL,113,'com.cebedo.pmsys.enums.AttendanceStatus',-1,NULL),(1084,'2015-09-28 16:56:38','127.0.0.1',228,10,NULL,112,'staff',79,NULL),(1085,'2015-09-28 16:56:38','127.0.0.1',228,10,NULL,112,'com.cebedo.pmsys.pojo.JSONCalendarEvent',-1,NULL),(1086,'2015-09-28 16:57:18','127.0.0.1',228,10,NULL,110,'project',32,NULL),(1087,'2015-09-28 16:57:18','127.0.0.1',228,10,NULL,110,'projectAux',-1,NULL),(1088,'2015-09-28 16:57:19','127.0.0.1',228,10,NULL,114,'project',32,NULL),(1089,'2015-09-28 16:57:19','127.0.0.1',228,10,NULL,114,'cost',-1,NULL),(1090,'2015-09-28 16:57:19','127.0.0.1',228,10,NULL,114,'project',32,NULL),(1091,'2015-09-28 16:57:19','127.0.0.1',228,10,NULL,114,'estimationoutput',-1,NULL),(1092,'2015-09-28 16:57:19','127.0.0.1',228,10,NULL,114,'project',32,NULL),(1093,'2015-09-28 16:57:19','127.0.0.1',228,10,NULL,114,'staff',-1,NULL),(1094,'2015-09-28 16:57:19','127.0.0.1',228,10,NULL,114,'project',32,NULL),(1095,'2015-09-28 16:57:19','127.0.0.1',228,10,NULL,114,'payroll',-1,NULL),(1096,'2015-09-28 16:57:19','127.0.0.1',228,10,NULL,114,'project',32,NULL),(1097,'2015-09-28 16:57:19','127.0.0.1',228,10,NULL,114,'delivery',-1,NULL),(1098,'2015-09-28 16:57:19','127.0.0.1',228,10,NULL,114,'project',32,NULL),(1099,'2015-09-28 16:57:19','127.0.0.1',228,10,NULL,114,'material',-1,NULL),(1100,'2015-09-28 16:57:19','127.0.0.1',228,10,NULL,114,'project',32,NULL),(1101,'2015-09-28 16:57:19','127.0.0.1',228,10,NULL,114,'pullout',-1,NULL),(1102,'2015-09-28 16:57:19','127.0.0.1',228,10,NULL,114,'project',32,NULL),(1103,'2015-09-28 16:57:19','127.0.0.1',228,10,NULL,114,'expense',-1,NULL),(1104,'2015-09-28 16:57:19','127.0.0.1',228,10,NULL,112,'project',32,NULL),(1105,'2015-09-28 16:57:19','127.0.0.1',228,10,NULL,112,'com.cebedo.pmsys.pojo.JSONTimelineGantt',-1,NULL),(1106,'2015-09-28 16:57:20','127.0.0.1',228,10,NULL,112,'project',32,NULL),(1107,'2015-09-28 16:57:20','127.0.0.1',228,10,NULL,112,'com.cebedo.pmsys.pojo.JSONCalendarEvent',-1,NULL),(1108,'2015-09-28 16:57:20','127.0.0.1',228,10,NULL,113,'project',32,NULL),(1109,'2015-09-28 16:57:20','127.0.0.1',228,10,NULL,113,'com.cebedo.pmsys.enums.TaskStatus',-1,NULL),(1110,'2015-09-28 16:58:08','127.0.0.1',228,10,NULL,100,'payroll',-1,NULL),(1111,'2015-09-28 16:58:08','127.0.0.1',228,10,NULL,110,'payroll',-1,NULL),(1112,'2015-09-28 16:58:09','127.0.0.1',228,10,NULL,114,'payroll',-1,NULL),(1113,'2015-09-28 16:58:09','127.0.0.1',228,10,NULL,114,'staff',-1,NULL),(1114,'2015-09-28 16:58:55','127.0.0.1',228,10,NULL,105,'payroll',-1,NULL),(1115,'2015-09-28 16:58:55','127.0.0.1',228,10,NULL,110,'payroll',-1,NULL),(1116,'2015-09-28 16:58:55','127.0.0.1',228,10,NULL,114,'payroll',-1,NULL),(1117,'2015-09-28 16:58:55','127.0.0.1',228,10,NULL,114,'staff',-1,NULL),(1118,'2015-09-28 17:07:59','127.0.0.1',228,10,NULL,110,'project',32,NULL),(1119,'2015-09-28 17:07:59','127.0.0.1',228,10,NULL,110,'projectAux',-1,NULL),(1120,'2015-09-28 17:08:00','127.0.0.1',228,10,NULL,114,'project',32,NULL),(1121,'2015-09-28 17:08:00','127.0.0.1',228,10,NULL,114,'cost',-1,NULL),(1122,'2015-09-28 17:08:00','127.0.0.1',228,10,NULL,114,'project',32,NULL),(1123,'2015-09-28 17:08:00','127.0.0.1',228,10,NULL,114,'estimationoutput',-1,NULL),(1124,'2015-09-28 17:08:00','127.0.0.1',228,10,NULL,114,'project',32,NULL),(1125,'2015-09-28 17:08:00','127.0.0.1',228,10,NULL,114,'staff',-1,NULL),(1126,'2015-09-28 17:08:00','127.0.0.1',228,10,NULL,114,'project',32,NULL),(1127,'2015-09-28 17:08:00','127.0.0.1',228,10,NULL,114,'payroll',-1,NULL),(1128,'2015-09-28 17:08:00','127.0.0.1',228,10,NULL,114,'project',32,NULL),(1129,'2015-09-28 17:08:00','127.0.0.1',228,10,NULL,114,'delivery',-1,NULL),(1130,'2015-09-28 17:08:00','127.0.0.1',228,10,NULL,114,'project',32,NULL),(1131,'2015-09-28 17:08:00','127.0.0.1',228,10,NULL,114,'material',-1,NULL),(1132,'2015-09-28 17:08:00','127.0.0.1',228,10,NULL,114,'project',32,NULL),(1133,'2015-09-28 17:08:00','127.0.0.1',228,10,NULL,114,'pullout',-1,NULL),(1134,'2015-09-28 17:08:00','127.0.0.1',228,10,NULL,114,'project',32,NULL),(1135,'2015-09-28 17:08:00','127.0.0.1',228,10,NULL,114,'expense',-1,NULL),(1136,'2015-09-28 17:08:00','127.0.0.1',228,10,NULL,112,'project',32,NULL),(1137,'2015-09-28 17:08:00','127.0.0.1',228,10,NULL,112,'com.cebedo.pmsys.pojo.JSONTimelineGantt',-1,NULL),(1138,'2015-09-28 17:08:00','127.0.0.1',228,10,NULL,112,'project',32,NULL),(1139,'2015-09-28 17:08:00','127.0.0.1',228,10,NULL,112,'com.cebedo.pmsys.pojo.JSONCalendarEvent',-1,NULL),(1140,'2015-09-28 17:08:01','127.0.0.1',228,10,NULL,113,'project',32,NULL),(1141,'2015-09-28 17:08:01','127.0.0.1',228,10,NULL,113,'com.cebedo.pmsys.enums.TaskStatus',-1,NULL),(1142,'2015-09-28 17:08:26','127.0.0.1',228,10,NULL,105,'task',87,NULL),(1143,'2015-09-28 17:08:27','127.0.0.1',228,10,NULL,110,'project',32,NULL),(1144,'2015-09-28 17:08:27','127.0.0.1',228,10,NULL,110,'projectAux',-1,NULL),(1145,'2015-09-28 17:08:27','127.0.0.1',228,10,NULL,114,'project',32,NULL),(1146,'2015-09-28 17:08:27','127.0.0.1',228,10,NULL,114,'cost',-1,NULL),(1147,'2015-09-28 17:08:27','127.0.0.1',228,10,NULL,114,'project',32,NULL),(1148,'2015-09-28 17:08:27','127.0.0.1',228,10,NULL,114,'estimationoutput',-1,NULL),(1149,'2015-09-28 17:08:27','127.0.0.1',228,10,NULL,114,'project',32,NULL),(1150,'2015-09-28 17:08:27','127.0.0.1',228,10,NULL,114,'staff',-1,NULL),(1151,'2015-09-28 17:08:27','127.0.0.1',228,10,NULL,114,'project',32,NULL),(1152,'2015-09-28 17:08:27','127.0.0.1',228,10,NULL,114,'payroll',-1,NULL),(1153,'2015-09-28 17:08:27','127.0.0.1',228,10,NULL,114,'project',32,NULL),(1154,'2015-09-28 17:08:27','127.0.0.1',228,10,NULL,114,'delivery',-1,NULL),(1155,'2015-09-28 17:08:27','127.0.0.1',228,10,NULL,114,'project',32,NULL),(1156,'2015-09-28 17:08:27','127.0.0.1',228,10,NULL,114,'material',-1,NULL),(1157,'2015-09-28 17:08:27','127.0.0.1',228,10,NULL,114,'project',32,NULL),(1158,'2015-09-28 17:08:27','127.0.0.1',228,10,NULL,114,'pullout',-1,NULL),(1159,'2015-09-28 17:08:28','127.0.0.1',228,10,NULL,114,'project',32,NULL),(1160,'2015-09-28 17:08:28','127.0.0.1',228,10,NULL,114,'expense',-1,NULL),(1161,'2015-09-28 17:08:28','127.0.0.1',228,10,NULL,112,'project',32,NULL),(1162,'2015-09-28 17:08:28','127.0.0.1',228,10,NULL,112,'com.cebedo.pmsys.pojo.JSONTimelineGantt',-1,NULL),(1163,'2015-09-28 17:08:28','127.0.0.1',228,10,NULL,112,'project',32,NULL),(1164,'2015-09-28 17:08:28','127.0.0.1',228,10,NULL,112,'com.cebedo.pmsys.pojo.JSONCalendarEvent',-1,NULL),(1165,'2015-09-28 17:08:28','127.0.0.1',228,10,NULL,113,'project',32,NULL),(1166,'2015-09-28 17:08:28','127.0.0.1',228,10,NULL,113,'com.cebedo.pmsys.enums.TaskStatus',-1,NULL),(1167,'2015-09-29 08:24:34','127.0.0.1',228,10,NULL,804,'',-1,NULL),(1168,'2015-09-29 08:24:34','127.0.0.1',228,10,NULL,114,'project',-1,NULL),(1169,'2015-09-29 08:24:43','127.0.0.1',228,10,NULL,110,'project',32,NULL),(1170,'2015-09-29 08:24:43','127.0.0.1',228,10,NULL,110,'projectAux',-1,NULL),(1171,'2015-09-29 08:24:43','127.0.0.1',228,10,NULL,114,'project',32,NULL),(1172,'2015-09-29 08:24:43','127.0.0.1',228,10,NULL,114,'cost',-1,NULL),(1173,'2015-09-29 08:24:43','127.0.0.1',228,10,NULL,114,'project',32,NULL),(1174,'2015-09-29 08:24:43','127.0.0.1',228,10,NULL,114,'estimationoutput',-1,NULL),(1175,'2015-09-29 08:24:43','127.0.0.1',228,10,NULL,114,'project',32,NULL),(1176,'2015-09-29 08:24:43','127.0.0.1',228,10,NULL,114,'staff',-1,NULL),(1177,'2015-09-29 08:24:44','127.0.0.1',228,10,NULL,114,'project',32,NULL),(1178,'2015-09-29 08:24:44','127.0.0.1',228,10,NULL,114,'payroll',-1,NULL),(1179,'2015-09-29 08:24:44','127.0.0.1',228,10,NULL,114,'project',32,NULL),(1180,'2015-09-29 08:24:44','127.0.0.1',228,10,NULL,114,'delivery',-1,NULL),(1181,'2015-09-29 08:24:44','127.0.0.1',228,10,NULL,114,'project',32,NULL),(1182,'2015-09-29 08:24:44','127.0.0.1',228,10,NULL,114,'material',-1,NULL),(1183,'2015-09-29 08:24:44','127.0.0.1',228,10,NULL,114,'project',32,NULL),(1184,'2015-09-29 08:24:44','127.0.0.1',228,10,NULL,114,'pullout',-1,NULL),(1185,'2015-09-29 08:24:44','127.0.0.1',228,10,NULL,114,'project',32,NULL),(1186,'2015-09-29 08:24:44','127.0.0.1',228,10,NULL,114,'expense',-1,NULL),(1187,'2015-09-29 08:24:44','127.0.0.1',228,10,NULL,112,'project',32,NULL),(1188,'2015-09-29 08:24:44','127.0.0.1',228,10,NULL,112,'com.cebedo.pmsys.pojo.JSONTimelineGantt',-1,NULL),(1189,'2015-09-29 08:24:44','127.0.0.1',228,10,NULL,112,'project',32,NULL),(1190,'2015-09-29 08:24:44','127.0.0.1',228,10,NULL,112,'com.cebedo.pmsys.pojo.JSONCalendarEvent',-1,NULL),(1191,'2015-09-29 08:24:44','127.0.0.1',228,10,NULL,113,'project',32,NULL),(1192,'2015-09-29 08:24:44','127.0.0.1',228,10,NULL,113,'com.cebedo.pmsys.enums.TaskStatus',-1,NULL),(1193,'2015-09-29 08:25:05','127.0.0.1',228,10,NULL,121,'project',32,NULL),(1194,'2015-09-29 08:25:05','127.0.0.1',228,10,NULL,121,'com.cebedo.pmsys.bean.EstimateComputationInputBean',-1,NULL),(1195,'2015-09-29 08:25:06','127.0.0.1',228,10,NULL,110,'estimationoutput',-1,NULL),(1196,'2015-09-29 08:25:12','127.0.0.1',228,10,NULL,114,'project',-1,NULL),(1197,'2015-09-29 08:25:12','127.0.0.1',228,10,NULL,110,'project',32,NULL),(1198,'2015-09-29 08:25:13','127.0.0.1',228,10,NULL,110,'projectAux',-1,NULL),(1199,'2015-09-29 08:25:13','127.0.0.1',228,10,NULL,114,'project',32,NULL),(1200,'2015-09-29 08:25:13','127.0.0.1',228,10,NULL,114,'cost',-1,NULL),(1201,'2015-09-29 08:25:13','127.0.0.1',228,10,NULL,114,'project',32,NULL),(1202,'2015-09-29 08:25:13','127.0.0.1',228,10,NULL,114,'estimationoutput',-1,NULL),(1203,'2015-09-29 08:25:13','127.0.0.1',228,10,NULL,114,'project',32,NULL),(1204,'2015-09-29 08:25:13','127.0.0.1',228,10,NULL,114,'staff',-1,NULL),(1205,'2015-09-29 08:25:13','127.0.0.1',228,10,NULL,114,'project',32,NULL),(1206,'2015-09-29 08:25:13','127.0.0.1',228,10,NULL,114,'payroll',-1,NULL),(1207,'2015-09-29 08:25:13','127.0.0.1',228,10,NULL,114,'project',32,NULL),(1208,'2015-09-29 08:25:13','127.0.0.1',228,10,NULL,114,'delivery',-1,NULL),(1209,'2015-09-29 08:25:13','127.0.0.1',228,10,NULL,114,'project',32,NULL),(1210,'2015-09-29 08:25:13','127.0.0.1',228,10,NULL,114,'material',-1,NULL),(1211,'2015-09-29 08:25:13','127.0.0.1',228,10,NULL,114,'project',32,NULL),(1212,'2015-09-29 08:25:13','127.0.0.1',228,10,NULL,114,'pullout',-1,NULL),(1213,'2015-09-29 08:25:13','127.0.0.1',228,10,NULL,114,'project',32,NULL),(1214,'2015-09-29 08:25:14','127.0.0.1',228,10,NULL,114,'expense',-1,NULL),(1215,'2015-09-29 08:25:14','127.0.0.1',228,10,NULL,112,'project',32,NULL),(1216,'2015-09-29 08:25:14','127.0.0.1',228,10,NULL,112,'com.cebedo.pmsys.pojo.JSONTimelineGantt',-1,NULL),(1217,'2015-09-29 08:25:14','127.0.0.1',228,10,NULL,112,'project',32,NULL),(1218,'2015-09-29 08:25:14','127.0.0.1',228,10,NULL,112,'com.cebedo.pmsys.pojo.JSONCalendarEvent',-1,NULL),(1219,'2015-09-29 08:25:14','127.0.0.1',228,10,NULL,113,'project',32,NULL),(1220,'2015-09-29 08:25:14','127.0.0.1',228,10,NULL,113,'com.cebedo.pmsys.enums.TaskStatus',-1,NULL),(1221,'2015-09-29 08:25:45','127.0.0.1',228,10,NULL,110,'estimationoutput',-1,NULL),(1222,'2015-09-29 08:25:50','127.0.0.1',228,10,NULL,114,'project',-1,NULL),(1223,'2015-09-29 08:25:50','127.0.0.1',228,10,NULL,110,'project',32,NULL),(1224,'2015-09-29 08:25:50','127.0.0.1',228,10,NULL,110,'projectAux',-1,NULL),(1225,'2015-09-29 08:25:50','127.0.0.1',228,10,NULL,114,'project',32,NULL),(1226,'2015-09-29 08:25:50','127.0.0.1',228,10,NULL,114,'cost',-1,NULL),(1227,'2015-09-29 08:25:51','127.0.0.1',228,10,NULL,114,'project',32,NULL),(1228,'2015-09-29 08:25:51','127.0.0.1',228,10,NULL,114,'estimationoutput',-1,NULL),(1229,'2015-09-29 08:25:51','127.0.0.1',228,10,NULL,114,'project',32,NULL),(1230,'2015-09-29 08:25:51','127.0.0.1',228,10,NULL,114,'staff',-1,NULL),(1231,'2015-09-29 08:25:51','127.0.0.1',228,10,NULL,114,'project',32,NULL),(1232,'2015-09-29 08:25:51','127.0.0.1',228,10,NULL,114,'payroll',-1,NULL),(1233,'2015-09-29 08:25:51','127.0.0.1',228,10,NULL,114,'project',32,NULL),(1234,'2015-09-29 08:25:51','127.0.0.1',228,10,NULL,114,'delivery',-1,NULL),(1235,'2015-09-29 08:25:51','127.0.0.1',228,10,NULL,114,'project',32,NULL),(1236,'2015-09-29 08:25:51','127.0.0.1',228,10,NULL,114,'material',-1,NULL),(1237,'2015-09-29 08:25:51','127.0.0.1',228,10,NULL,114,'project',32,NULL),(1238,'2015-09-29 08:25:51','127.0.0.1',228,10,NULL,114,'pullout',-1,NULL),(1239,'2015-09-29 08:25:51','127.0.0.1',228,10,NULL,114,'project',32,NULL),(1240,'2015-09-29 08:25:51','127.0.0.1',228,10,NULL,114,'expense',-1,NULL),(1241,'2015-09-29 08:25:51','127.0.0.1',228,10,NULL,112,'project',32,NULL),(1242,'2015-09-29 08:25:51','127.0.0.1',228,10,NULL,112,'com.cebedo.pmsys.pojo.JSONTimelineGantt',-1,NULL),(1243,'2015-09-29 08:25:51','127.0.0.1',228,10,NULL,112,'project',32,NULL),(1244,'2015-09-29 08:25:51','127.0.0.1',228,10,NULL,112,'com.cebedo.pmsys.pojo.JSONCalendarEvent',-1,NULL),(1245,'2015-09-29 08:25:51','127.0.0.1',228,10,NULL,113,'project',32,NULL),(1246,'2015-09-29 08:25:51','127.0.0.1',228,10,NULL,113,'com.cebedo.pmsys.enums.TaskStatus',-1,NULL),(1247,'2015-09-29 08:26:00','127.0.0.1',228,10,NULL,110,'estimationoutput',-1,NULL),(1248,'2015-09-29 08:26:05','127.0.0.1',228,10,NULL,114,'project',-1,NULL),(1249,'2015-09-29 08:26:05','127.0.0.1',228,10,NULL,110,'project',32,NULL),(1250,'2015-09-29 08:26:05','127.0.0.1',228,10,NULL,110,'projectAux',-1,NULL),(1251,'2015-09-29 08:26:05','127.0.0.1',228,10,NULL,114,'project',32,NULL),(1252,'2015-09-29 08:26:06','127.0.0.1',228,10,NULL,114,'cost',-1,NULL),(1253,'2015-09-29 08:26:06','127.0.0.1',228,10,NULL,114,'project',32,NULL),(1254,'2015-09-29 08:26:06','127.0.0.1',228,10,NULL,114,'estimationoutput',-1,NULL),(1255,'2015-09-29 08:26:06','127.0.0.1',228,10,NULL,114,'project',32,NULL),(1256,'2015-09-29 08:26:06','127.0.0.1',228,10,NULL,114,'staff',-1,NULL),(1257,'2015-09-29 08:26:06','127.0.0.1',228,10,NULL,114,'project',32,NULL),(1258,'2015-09-29 08:26:06','127.0.0.1',228,10,NULL,114,'payroll',-1,NULL),(1259,'2015-09-29 08:26:06','127.0.0.1',228,10,NULL,114,'project',32,NULL),(1260,'2015-09-29 08:26:06','127.0.0.1',228,10,NULL,114,'delivery',-1,NULL),(1261,'2015-09-29 08:26:06','127.0.0.1',228,10,NULL,114,'project',32,NULL),(1262,'2015-09-29 08:26:06','127.0.0.1',228,10,NULL,114,'material',-1,NULL),(1263,'2015-09-29 08:26:06','127.0.0.1',228,10,NULL,114,'project',32,NULL),(1264,'2015-09-29 08:26:06','127.0.0.1',228,10,NULL,114,'pullout',-1,NULL),(1265,'2015-09-29 08:26:06','127.0.0.1',228,10,NULL,114,'project',32,NULL),(1266,'2015-09-29 08:26:06','127.0.0.1',228,10,NULL,114,'expense',-1,NULL),(1267,'2015-09-29 08:26:06','127.0.0.1',228,10,NULL,112,'project',32,NULL),(1268,'2015-09-29 08:26:06','127.0.0.1',228,10,NULL,112,'com.cebedo.pmsys.pojo.JSONTimelineGantt',-1,NULL),(1269,'2015-09-29 08:26:06','127.0.0.1',228,10,NULL,112,'project',32,NULL),(1270,'2015-09-29 08:26:06','127.0.0.1',228,10,NULL,112,'com.cebedo.pmsys.pojo.JSONCalendarEvent',-1,NULL),(1271,'2015-09-29 08:26:06','127.0.0.1',228,10,NULL,113,'project',32,NULL),(1272,'2015-09-29 08:26:06','127.0.0.1',228,10,NULL,113,'com.cebedo.pmsys.enums.TaskStatus',-1,NULL),(1273,'2015-09-29 08:26:11','127.0.0.1',228,10,NULL,107,'estimationoutput',-1,NULL),(1274,'2015-09-29 08:26:11','127.0.0.1',228,10,NULL,110,'project',32,NULL),(1275,'2015-09-29 08:26:11','127.0.0.1',228,10,NULL,110,'projectAux',-1,NULL),(1276,'2015-09-29 08:26:11','127.0.0.1',228,10,NULL,114,'project',32,NULL),(1277,'2015-09-29 08:26:12','127.0.0.1',228,10,NULL,114,'cost',-1,NULL),(1278,'2015-09-29 08:26:12','127.0.0.1',228,10,NULL,114,'project',32,NULL),(1279,'2015-09-29 08:26:12','127.0.0.1',228,10,NULL,114,'estimationoutput',-1,NULL),(1280,'2015-09-29 08:26:12','127.0.0.1',228,10,NULL,114,'project',32,NULL),(1281,'2015-09-29 08:26:12','127.0.0.1',228,10,NULL,114,'staff',-1,NULL),(1282,'2015-09-29 08:26:12','127.0.0.1',228,10,NULL,114,'project',32,NULL),(1283,'2015-09-29 08:26:12','127.0.0.1',228,10,NULL,114,'payroll',-1,NULL),(1284,'2015-09-29 08:26:12','127.0.0.1',228,10,NULL,114,'project',32,NULL),(1285,'2015-09-29 08:26:12','127.0.0.1',228,10,NULL,114,'delivery',-1,NULL),(1286,'2015-09-29 08:26:12','127.0.0.1',228,10,NULL,114,'project',32,NULL),(1287,'2015-09-29 08:26:12','127.0.0.1',228,10,NULL,114,'material',-1,NULL),(1288,'2015-09-29 08:26:12','127.0.0.1',228,10,NULL,114,'project',32,NULL),(1289,'2015-09-29 08:26:12','127.0.0.1',228,10,NULL,114,'pullout',-1,NULL),(1290,'2015-09-29 08:26:12','127.0.0.1',228,10,NULL,114,'project',32,NULL),(1291,'2015-09-29 08:26:12','127.0.0.1',228,10,NULL,114,'expense',-1,NULL),(1292,'2015-09-29 08:26:12','127.0.0.1',228,10,NULL,112,'project',32,NULL),(1293,'2015-09-29 08:26:12','127.0.0.1',228,10,NULL,112,'com.cebedo.pmsys.pojo.JSONTimelineGantt',-1,NULL),(1294,'2015-09-29 08:26:12','127.0.0.1',228,10,NULL,112,'project',32,NULL),(1295,'2015-09-29 08:26:12','127.0.0.1',228,10,NULL,112,'com.cebedo.pmsys.pojo.JSONCalendarEvent',-1,NULL),(1296,'2015-09-29 08:26:12','127.0.0.1',228,10,NULL,113,'project',32,NULL),(1297,'2015-09-29 08:26:12','127.0.0.1',228,10,NULL,113,'com.cebedo.pmsys.enums.TaskStatus',-1,NULL),(1298,'2015-09-29 08:26:22','127.0.0.1',228,10,NULL,121,'project',32,NULL),(1299,'2015-09-29 08:26:22','127.0.0.1',228,10,NULL,121,'com.cebedo.pmsys.bean.EstimateComputationInputBean',-1,NULL),(1300,'2015-09-29 08:26:22','127.0.0.1',228,10,NULL,110,'estimationoutput',-1,NULL),(1301,'2015-09-29 08:26:26','127.0.0.1',228,10,NULL,114,'project',-1,NULL),(1302,'2015-09-29 08:26:26','127.0.0.1',228,10,NULL,110,'project',32,NULL),(1303,'2015-09-29 08:26:27','127.0.0.1',228,10,NULL,110,'projectAux',-1,NULL),(1304,'2015-09-29 08:26:27','127.0.0.1',228,10,NULL,114,'project',32,NULL),(1305,'2015-09-29 08:26:27','127.0.0.1',228,10,NULL,114,'cost',-1,NULL),(1306,'2015-09-29 08:26:27','127.0.0.1',228,10,NULL,114,'project',32,NULL),(1307,'2015-09-29 08:26:27','127.0.0.1',228,10,NULL,114,'estimationoutput',-1,NULL),(1308,'2015-09-29 08:26:27','127.0.0.1',228,10,NULL,114,'project',32,NULL),(1309,'2015-09-29 08:26:27','127.0.0.1',228,10,NULL,114,'staff',-1,NULL),(1310,'2015-09-29 08:26:27','127.0.0.1',228,10,NULL,114,'project',32,NULL),(1311,'2015-09-29 08:26:27','127.0.0.1',228,10,NULL,114,'payroll',-1,NULL),(1312,'2015-09-29 08:26:27','127.0.0.1',228,10,NULL,114,'project',32,NULL),(1313,'2015-09-29 08:26:27','127.0.0.1',228,10,NULL,114,'delivery',-1,NULL),(1314,'2015-09-29 08:26:27','127.0.0.1',228,10,NULL,114,'project',32,NULL),(1315,'2015-09-29 08:26:27','127.0.0.1',228,10,NULL,114,'material',-1,NULL),(1316,'2015-09-29 08:26:27','127.0.0.1',228,10,NULL,114,'project',32,NULL),(1317,'2015-09-29 08:26:27','127.0.0.1',228,10,NULL,114,'pullout',-1,NULL),(1318,'2015-09-29 08:26:27','127.0.0.1',228,10,NULL,114,'project',32,NULL),(1319,'2015-09-29 08:26:27','127.0.0.1',228,10,NULL,114,'expense',-1,NULL),(1320,'2015-09-29 08:26:27','127.0.0.1',228,10,NULL,112,'project',32,NULL),(1321,'2015-09-29 08:26:27','127.0.0.1',228,10,NULL,112,'com.cebedo.pmsys.pojo.JSONTimelineGantt',-1,NULL),(1322,'2015-09-29 08:26:28','127.0.0.1',228,10,NULL,112,'project',32,NULL),(1323,'2015-09-29 08:26:28','127.0.0.1',228,10,NULL,112,'com.cebedo.pmsys.pojo.JSONCalendarEvent',-1,NULL),(1324,'2015-09-29 08:26:28','127.0.0.1',228,10,NULL,113,'project',32,NULL),(1325,'2015-09-29 08:26:28','127.0.0.1',228,10,NULL,113,'com.cebedo.pmsys.enums.TaskStatus',-1,NULL),(1326,'2015-09-29 08:27:10','127.0.0.1',228,10,NULL,110,'staff',73,NULL),(1327,'2015-09-29 08:27:10','127.0.0.1',228,10,NULL,113,'staff',73,NULL),(1328,'2015-09-29 08:27:10','127.0.0.1',228,10,NULL,113,'com.cebedo.pmsys.enums.TaskStatus',-1,NULL),(1329,'2015-09-29 08:27:10','127.0.0.1',228,10,NULL,112,'staff',73,NULL),(1330,'2015-09-29 08:27:10','127.0.0.1',228,10,NULL,112,'com.cebedo.pmsys.pojo.JSONTimelineGantt',-1,NULL);

/*Table structure for table `companies` */

DROP TABLE IF EXISTS `companies`;

CREATE TABLE `companies` (
  `company_id` bigint(20) NOT NULL AUTO_INCREMENT,
  `name` varchar(64) NOT NULL,
  `description` varchar(255) DEFAULT NULL,
  `date_started` datetime NOT NULL,
  `date_expiration` datetime NOT NULL,
  `beta_tester` tinyint(4) NOT NULL DEFAULT '0',
  PRIMARY KEY (`company_id`)
) ENGINE=InnoDB AUTO_INCREMENT=11 DEFAULT CHARSET=latin1;

/*Data for the table `companies` */

insert  into `companies`(`company_id`,`name`,`description`,`date_started`,`date_expiration`,`beta_tester`) values (10,'Demo 1','','2015-09-01 00:00:00','2016-01-07 00:00:00',1);

/*Table structure for table `fields` */

DROP TABLE IF EXISTS `fields`;

CREATE TABLE `fields` (
  `field_id` bigint(20) NOT NULL AUTO_INCREMENT,
  `name` varchar(32) NOT NULL,
  PRIMARY KEY (`field_id`),
  UNIQUE KEY `name` (`name`)
) ENGINE=InnoDB AUTO_INCREMENT=2 DEFAULT CHARSET=latin1;

/*Data for the table `fields` */

insert  into `fields`(`field_id`,`name`) values (1,'Textfield');

/*Table structure for table `projects` */

DROP TABLE IF EXISTS `projects`;

CREATE TABLE `projects` (
  `project_id` bigint(20) NOT NULL AUTO_INCREMENT,
  `name` varchar(32) NOT NULL,
  `status` int(2) NOT NULL,
  `location` varchar(108) DEFAULT NULL,
  `notes` text,
  `company_id` bigint(20) DEFAULT NULL,
  `physical_target` double DEFAULT '0',
  `date_start` date DEFAULT NULL,
  `date_completion_target` date DEFAULT NULL,
  `date_completion_actual` date DEFAULT NULL,
  PRIMARY KEY (`project_id`),
  KEY `FK_projects_company` (`company_id`),
  CONSTRAINT `FK_projects_company` FOREIGN KEY (`company_id`) REFERENCES `companies` (`company_id`)
) ENGINE=InnoDB AUTO_INCREMENT=33 DEFAULT CHARSET=latin1;

/*Data for the table `projects` */

insert  into `projects`(`project_id`,`name`,`status`,`location`,`notes`,`company_id`,`physical_target`,`date_start`,`date_completion_target`,`date_completion_actual`) values (32,'Demo1',0,'','',10,123123,'2015-09-01','2015-10-01',NULL);

/*Table structure for table `staff` */

DROP TABLE IF EXISTS `staff`;

CREATE TABLE `staff` (
  `staff_id` bigint(20) NOT NULL AUTO_INCREMENT,
  `name_prefix` varchar(8) NOT NULL,
  `name_first` varchar(32) NOT NULL,
  `name_middle` varchar(16) NOT NULL,
  `name_last` varchar(16) NOT NULL,
  `name_suffix` varchar(8) NOT NULL,
  `position` varchar(32) DEFAULT NULL,
  `email` varchar(32) DEFAULT NULL,
  `contact_number` varchar(32) DEFAULT NULL,
  `company_id` bigint(20) DEFAULT NULL,
  `wage` double NOT NULL DEFAULT '0',
  PRIMARY KEY (`staff_id`),
  KEY `FK_staff_company` (`company_id`),
  CONSTRAINT `FK_staff_company` FOREIGN KEY (`company_id`) REFERENCES `companies` (`company_id`)
) ENGINE=InnoDB AUTO_INCREMENT=80 DEFAULT CHARSET=latin1;

/*Data for the table `staff` */

insert  into `staff`(`staff_id`,`name_prefix`,`name_first`,`name_middle`,`name_last`,`name_suffix`,`position`,`email`,`contact_number`,`company_id`,`wage`) values (72,'','','','','',NULL,NULL,NULL,10,0),(73,'','','','','',NULL,NULL,NULL,10,0),(74,'','Vic','Castillo','Cebedo','II','Test','cebedo.vii@gmail.com','9226110429',10,500),(75,'','Smith','Johnson','Williams','','Test','cebedo.vii@gmail.com','9226110429',10,400),(76,'','Williams','Smith','Johnson','','Test','cebedo.vii@gmail.com','9226110429',10,300),(77,'','Johnson','Smith','Williams','','Test','cebedo.vii@gmail.com','9226110429',10,350),(78,'Engr.','Bob','Marley','Lannister','','Test','cebedo.vii@gmail.com','9226110429',10,350),(79,'Dr.','Erlang','Churva','Looo','III','Test','cebedo.vii@gmail.com','9226110429',10,350);

/*Table structure for table `system_configuration` */

DROP TABLE IF EXISTS `system_configuration`;

CREATE TABLE `system_configuration` (
  `sysconf_id` bigint(20) NOT NULL AUTO_INCREMENT,
  `name` varchar(32) NOT NULL,
  `value` varchar(255) DEFAULT NULL,
  `company_id` bigint(20) DEFAULT NULL,
  PRIMARY KEY (`sysconf_id`),
  UNIQUE KEY `name` (`name`),
  KEY `FK_system_configuration_company` (`company_id`),
  CONSTRAINT `FK_system_configuration_company` FOREIGN KEY (`company_id`) REFERENCES `companies` (`company_id`)
) ENGINE=InnoDB AUTO_INCREMENT=3 DEFAULT CHARSET=latin1 ROW_FORMAT=DYNAMIC;

/*Data for the table `system_configuration` */

insert  into `system_configuration`(`sysconf_id`,`name`,`value`,`company_id`) values (2,'ROOT_INIT','1',NULL);

/*Table structure for table `system_users` */

DROP TABLE IF EXISTS `system_users`;

CREATE TABLE `system_users` (
  `user_id` bigint(20) NOT NULL AUTO_INCREMENT,
  `username` varchar(32) NOT NULL,
  `password` varchar(255) NOT NULL,
  `super_admin` tinyint(1) NOT NULL DEFAULT '0',
  `company_id` bigint(20) DEFAULT NULL,
  `staff_id` bigint(20) DEFAULT NULL,
  `company_admin` tinyint(1) NOT NULL DEFAULT '0',
  `login_attempts` int(2) NOT NULL DEFAULT '0',
  PRIMARY KEY (`user_id`),
  KEY `FK_system_users_company` (`company_id`),
  KEY `FK_system_users_staff` (`staff_id`),
  CONSTRAINT `FK_system_users_company` FOREIGN KEY (`company_id`) REFERENCES `companies` (`company_id`),
  CONSTRAINT `FK_system_users_staff` FOREIGN KEY (`staff_id`) REFERENCES `staff` (`staff_id`)
) ENGINE=InnoDB AUTO_INCREMENT=229 DEFAULT CHARSET=latin1;

/*Data for the table `system_users` */

insert  into `system_users`(`user_id`,`username`,`password`,`super_admin`,`company_id`,`staff_id`,`company_admin`,`login_attempts`) values (219,'root_098','4ca3c78a6db368685a6a1a67045de747',1,NULL,NULL,0,0),(227,'demo_admin1','54044c4ed6c192034e51acfaaf48d948',0,10,72,1,0),(228,'standard_user1','1f27cd46ff32ac1069d0410ddfeca481',0,10,73,0,0);

/*Table structure for table `tasks` */

DROP TABLE IF EXISTS `tasks`;

CREATE TABLE `tasks` (
  `task_id` bigint(20) NOT NULL AUTO_INCREMENT,
  `title` varchar(64) NOT NULL,
  `content` varchar(255) NOT NULL,
  `date_start` date NOT NULL,
  `actual_date_start` date DEFAULT NULL,
  `duration` double NOT NULL DEFAULT '0',
  `actual_duration` double NOT NULL DEFAULT '0',
  `project_id` bigint(20) DEFAULT NULL,
  `status` int(2) NOT NULL DEFAULT '0',
  `company_id` bigint(20) DEFAULT NULL,
  PRIMARY KEY (`task_id`),
  KEY `FK_tasks_project` (`project_id`),
  KEY `FK_tasks_company` (`company_id`),
  CONSTRAINT `FK_tasks_company` FOREIGN KEY (`company_id`) REFERENCES `companies` (`company_id`),
  CONSTRAINT `FK_tasks_project` FOREIGN KEY (`project_id`) REFERENCES `projects` (`project_id`)
) ENGINE=InnoDB AUTO_INCREMENT=90 DEFAULT CHARSET=latin1;

/*Data for the table `tasks` */

insert  into `tasks`(`task_id`,`title`,`content`,`date_start`,`actual_date_start`,`duration`,`actual_duration`,`project_id`,`status`,`company_id`) values (84,'Task 1','Test 4','2015-01-10','2015-01-10',3,5,32,2,10),(85,'Task 2','','2015-01-13','2015-01-15',2,3,32,2,10),(86,'Task 3','Test 6','2015-01-15','2015-01-18',6,5,32,2,10),(87,'Task 4','Test 7','2015-01-21',NULL,10,0,32,1,10),(88,'Task 5','Test 8','2015-01-31','2015-01-31',3,4,32,2,10),(89,'Task 5','Test 8','2015-02-03','2015-02-04',3,5,32,2,10);

/* Procedure structure for procedure `test_multi_sets` */

/*!50003 DROP PROCEDURE IF EXISTS  `test_multi_sets` */;

DELIMITER $$

/*!50003 CREATE DEFINER=`root`@`localhost` PROCEDURE `test_multi_sets`()
    DETERMINISTIC
begin
 select user() as first_col;
 select user() as first_col, now() as second_col;
 select user() as first_col, now() as second_col, now() as third_col;
 end */$$
DELIMITER ;

/*!40101 SET SQL_MODE=@OLD_SQL_MODE */;
/*!40014 SET FOREIGN_KEY_CHECKS=@OLD_FOREIGN_KEY_CHECKS */;
